CREATE TABLE IF NOT EXISTS "auth_group" ("id" integer NOT NULL PRIMARY KEY AUTOINCREMENT, "name" varchar(150) NOT NULL UNIQUE);
CREATE UNIQUE INDEX "auth_group_permissions_group_id_permission_id_0cd325b0_uniq" ON "auth_group_permissions" ("group_id", "permission_id");
CREATE INDEX IF NOT EXISTS "auth_group_permissions_group_id_b120cbf9" ON "auth_group_permissions" ("group_id");
CREATE INDEX IF NOT EXISTS "auth_group_permissions_permission_id_84c5c92e" ON "auth_group_permissions" ("permission_id");
CREATE UNIQUE INDEX "auth_user_groups_user_id_group_id_94350c0c_uniq" ON "auth_user_groups" ("user_id", "group_id");
CREATE INDEX IF NOT EXISTS "auth_user_groups_user_id_6a12ed8b" ON "auth_user_groups" ("user_id");
CREATE INDEX IF NOT EXISTS "auth_user_groups_group_id_97559544" ON "auth_user_groups" ("group_id");
CREATE UNIQUE INDEX "auth_user_user_permissions_user_id_permission_id_14a6b632_uniq" ON "auth_user_user_permissions" ("user_id", "permission_id");
CREATE INDEX IF NOT EXISTS "auth_user_user_permissions_user_id_a95ead1b" ON "auth_user_user_permissions" ("user_id");
CREATE INDEX IF NOT EXISTS "auth_user_user_permissions_permission_id_1fbb5f2c" ON "auth_user_user_permissions" ("permission_id");
CREATE INDEX IF NOT EXISTS "django_admin_log_content_type_id_c4bce8eb" ON "django_admin_log" ("content_type_id");
CREATE INDEX IF NOT EXISTS "django_admin_log_user_id_c564eba6" ON "django_admin_log" ("user_id");
CREATE UNIQUE INDEX "django_content_type_app_label_model_76bd3d3b_uniq" ON "django_content_type" ("app_label", "model");
CREATE UNIQUE INDEX "auth_permission_content_type_id_codename_01ab375a_uniq" ON "auth_permission" ("content_type_id", "codename");
CREATE INDEX IF NOT EXISTS "auth_permission_content_type_id_2f476e4b" ON "auth_permission" ("content_type_id");
CREATE INDEX IF NOT EXISTS "django_session_expire_date_a5c62663" ON "django_session" ("expire_date");
CREATE INDEX IF NOT EXISTS "blog_blogcomment_parent_id_df1e1d2a" ON "blog_blogcomment" ("parent_id");
CREATE INDEX IF NOT EXISTS "blog_blogcomment_post_id_f2a3e760" ON "blog_blogcomment" ("post_id");
CREATE INDEX IF NOT EXISTS "blog_blogcomment_user_id_dc3b3111" ON "blog_blogcomment" ("user_id");
CREATE UNIQUE INDEX "profiles_profile_friends_profile_id_user_id_b04f5799_uniq" ON "profiles_profile_friends" ("profile_id", "user_id");
CREATE INDEX IF NOT EXISTS "profiles_profile_friends_profile_id_1b1360a5" ON "profiles_profile_friends" ("profile_id");
CREATE INDEX IF NOT EXISTS "profiles_profile_friends_user_id_36beac75" ON "profiles_profile_friends" ("user_id");
CREATE TABLE IF NOT EXISTS "auth_group_permissions" ("id" integer NOT NULL PRIMARY KEY AUTOINCREMENT, "group_id" integer NOT NULL REFERENCES "auth_group" ("id") DEFERRABLE INITIALLY DEFERRED, "permission_id" integer NOT NULL REFERENCES "auth_permission" ("id") DEFERRABLE INITIALLY DEFERRED);
CREATE UNIQUE INDEX "auth_group_permissions_group_id_permission_id_0cd325b0_uniq" ON "auth_group_permissions" ("group_id", "permission_id");
CREATE INDEX IF NOT EXISTS "auth_group_permissions_group_id_b120cbf9" ON "auth_group_permissions" ("group_id");
CREATE INDEX IF NOT EXISTS "auth_group_permissions_permission_id_84c5c92e" ON "auth_group_permissions" ("permission_id");
CREATE UNIQUE INDEX "auth_user_groups_user_id_group_id_94350c0c_uniq" ON "auth_user_groups" ("user_id", "group_id");
CREATE INDEX IF NOT EXISTS "auth_user_groups_user_id_6a12ed8b" ON "auth_user_groups" ("user_id");
CREATE INDEX IF NOT EXISTS "auth_user_groups_group_id_97559544" ON "auth_user_groups" ("group_id");
CREATE UNIQUE INDEX "auth_user_user_permissions_user_id_permission_id_14a6b632_uniq" ON "auth_user_user_permissions" ("user_id", "permission_id");
CREATE INDEX IF NOT EXISTS "auth_user_user_permissions_user_id_a95ead1b" ON "auth_user_user_permissions" ("user_id");
CREATE INDEX IF NOT EXISTS "auth_user_user_permissions_permission_id_1fbb5f2c" ON "auth_user_user_permissions" ("permission_id");
CREATE INDEX IF NOT EXISTS "django_admin_log_content_type_id_c4bce8eb" ON "django_admin_log" ("content_type_id");
CREATE INDEX IF NOT EXISTS "django_admin_log_user_id_c564eba6" ON "django_admin_log" ("user_id");
CREATE UNIQUE INDEX "django_content_type_app_label_model_76bd3d3b_uniq" ON "django_content_type" ("app_label", "model");
CREATE UNIQUE INDEX "auth_permission_content_type_id_codename_01ab375a_uniq" ON "auth_permission" ("content_type_id", "codename");
CREATE INDEX IF NOT EXISTS "auth_permission_content_type_id_2f476e4b" ON "auth_permission" ("content_type_id");
CREATE INDEX IF NOT EXISTS "django_session_expire_date_a5c62663" ON "django_session" ("expire_date");
CREATE INDEX IF NOT EXISTS "blog_blogcomment_parent_id_df1e1d2a" ON "blog_blogcomment" ("parent_id");
CREATE INDEX IF NOT EXISTS "blog_blogcomment_post_id_f2a3e760" ON "blog_blogcomment" ("post_id");
CREATE INDEX IF NOT EXISTS "blog_blogcomment_user_id_dc3b3111" ON "blog_blogcomment" ("user_id");
CREATE UNIQUE INDEX "profiles_profile_friends_profile_id_user_id_b04f5799_uniq" ON "profiles_profile_friends" ("profile_id", "user_id");
CREATE INDEX IF NOT EXISTS "profiles_profile_friends_profile_id_1b1360a5" ON "profiles_profile_friends" ("profile_id");
CREATE INDEX IF NOT EXISTS "profiles_profile_friends_user_id_36beac75" ON "profiles_profile_friends" ("user_id");
CREATE TABLE IF NOT EXISTS "auth_permission" ("id" integer NOT NULL PRIMARY KEY AUTOINCREMENT, "content_type_id" integer NOT NULL REFERENCES "django_content_type" ("id") DEFERRABLE INITIALLY DEFERRED, "codename" varchar(100) NOT NULL, "name" varchar(255) NOT NULL);
INSERT INTO "auth_permission" VALUES(1,1,'add_logentry','Can add log entry');
INSERT INTO "auth_permission" VALUES(2,1,'change_logentry','Can change log entry');
INSERT INTO "auth_permission" VALUES(3,1,'delete_logentry','Can delete log entry');
INSERT INTO "auth_permission" VALUES(4,1,'view_logentry','Can view log entry');
INSERT INTO "auth_permission" VALUES(5,2,'add_permission','Can add permission');
INSERT INTO "auth_permission" VALUES(6,2,'change_permission','Can change permission');
INSERT INTO "auth_permission" VALUES(7,2,'delete_permission','Can delete permission');
INSERT INTO "auth_permission" VALUES(8,2,'view_permission','Can view permission');
INSERT INTO "auth_permission" VALUES(9,3,'add_group','Can add group');
INSERT INTO "auth_permission" VALUES(10,3,'change_group','Can change group');
INSERT INTO "auth_permission" VALUES(11,3,'delete_group','Can delete group');
INSERT INTO "auth_permission" VALUES(12,3,'view_group','Can view group');
INSERT INTO "auth_permission" VALUES(13,4,'add_user','Can add user');
INSERT INTO "auth_permission" VALUES(14,4,'change_user','Can change user');
INSERT INTO "auth_permission" VALUES(15,4,'delete_user','Can delete user');
INSERT INTO "auth_permission" VALUES(16,4,'view_user','Can view user');
INSERT INTO "auth_permission" VALUES(17,5,'add_contenttype','Can add content type');
INSERT INTO "auth_permission" VALUES(18,5,'change_contenttype','Can change content type');
INSERT INTO "auth_permission" VALUES(19,5,'delete_contenttype','Can delete content type');
INSERT INTO "auth_permission" VALUES(20,5,'view_contenttype','Can view content type');
INSERT INTO "auth_permission" VALUES(21,6,'add_session','Can add session');
INSERT INTO "auth_permission" VALUES(22,6,'change_session','Can change session');
INSERT INTO "auth_permission" VALUES(23,6,'delete_session','Can delete session');
INSERT INTO "auth_permission" VALUES(24,6,'view_session','Can view session');
INSERT INTO "auth_permission" VALUES(25,7,'add_contact','Can add contact');
INSERT INTO "auth_permission" VALUES(26,7,'change_contact','Can change contact');
INSERT INTO "auth_permission" VALUES(27,7,'delete_contact','Can delete contact');
INSERT INTO "auth_permission" VALUES(28,7,'view_contact','Can view contact');
INSERT INTO "auth_permission" VALUES(29,8,'add_post','Can add post');
INSERT INTO "auth_permission" VALUES(30,8,'change_post','Can change post');
INSERT INTO "auth_permission" VALUES(31,8,'delete_post','Can delete post');
INSERT INTO "auth_permission" VALUES(32,8,'view_post','Can view post');
INSERT INTO "auth_permission" VALUES(33,9,'add_blogcomment','Can add blog comment');
INSERT INTO "auth_permission" VALUES(34,9,'change_blogcomment','Can change blog comment');
INSERT INTO "auth_permission" VALUES(35,9,'delete_blogcomment','Can delete blog comment');
INSERT INTO "auth_permission" VALUES(36,9,'view_blogcomment','Can view blog comment');
INSERT INTO "auth_permission" VALUES(37,10,'add_profile','Can add profile');
INSERT INTO "auth_permission" VALUES(38,10,'change_profile','Can change profile');
INSERT INTO "auth_permission" VALUES(39,10,'delete_profile','Can delete profile');
INSERT INTO "auth_permission" VALUES(40,10,'view_profile','Can view profile');
INSERT INTO "auth_permission" VALUES(41,11,'add_profile','Can add profile');
INSERT INTO "auth_permission" VALUES(42,11,'change_profile','Can change profile');
INSERT INTO "auth_permission" VALUES(43,11,'delete_profile','Can delete profile');
INSERT INTO "auth_permission" VALUES(44,11,'view_profile','Can view profile');
INSERT INTO "auth_permission" VALUES(45,12,'add_site','Can add site');
INSERT INTO "auth_permission" VALUES(46,12,'change_site','Can change site');
INSERT INTO "auth_permission" VALUES(47,12,'delete_site','Can delete site');
INSERT INTO "auth_permission" VALUES(48,12,'view_site','Can view site');
INSERT INTO "auth_permission" VALUES(49,13,'add_movieview','Can add movie view');
INSERT INTO "auth_permission" VALUES(50,13,'change_movieview','Can change movie view');
INSERT INTO "auth_permission" VALUES(51,13,'delete_movieview','Can delete movie view');
INSERT INTO "auth_permission" VALUES(52,13,'view_movieview','Can view movie view');
CREATE UNIQUE INDEX "auth_group_permissions_group_id_permission_id_0cd325b0_uniq" ON "auth_group_permissions" ("group_id", "permission_id");
CREATE INDEX IF NOT EXISTS "auth_group_permissions_group_id_b120cbf9" ON "auth_group_permissions" ("group_id");
CREATE INDEX IF NOT EXISTS "auth_group_permissions_permission_id_84c5c92e" ON "auth_group_permissions" ("permission_id");
CREATE UNIQUE INDEX "auth_user_groups_user_id_group_id_94350c0c_uniq" ON "auth_user_groups" ("user_id", "group_id");
CREATE INDEX IF NOT EXISTS "auth_user_groups_user_id_6a12ed8b" ON "auth_user_groups" ("user_id");
CREATE INDEX IF NOT EXISTS "auth_user_groups_group_id_97559544" ON "auth_user_groups" ("group_id");
CREATE UNIQUE INDEX "auth_user_user_permissions_user_id_permission_id_14a6b632_uniq" ON "auth_user_user_permissions" ("user_id", "permission_id");
CREATE INDEX IF NOT EXISTS "auth_user_user_permissions_user_id_a95ead1b" ON "auth_user_user_permissions" ("user_id");
CREATE INDEX IF NOT EXISTS "auth_user_user_permissions_permission_id_1fbb5f2c" ON "auth_user_user_permissions" ("permission_id");
CREATE INDEX IF NOT EXISTS "django_admin_log_content_type_id_c4bce8eb" ON "django_admin_log" ("content_type_id");
CREATE INDEX IF NOT EXISTS "django_admin_log_user_id_c564eba6" ON "django_admin_log" ("user_id");
CREATE UNIQUE INDEX "django_content_type_app_label_model_76bd3d3b_uniq" ON "django_content_type" ("app_label", "model");
CREATE UNIQUE INDEX "auth_permission_content_type_id_codename_01ab375a_uniq" ON "auth_permission" ("content_type_id", "codename");
CREATE INDEX IF NOT EXISTS "auth_permission_content_type_id_2f476e4b" ON "auth_permission" ("content_type_id");
CREATE INDEX IF NOT EXISTS "django_session_expire_date_a5c62663" ON "django_session" ("expire_date");
CREATE INDEX IF NOT EXISTS "blog_blogcomment_parent_id_df1e1d2a" ON "blog_blogcomment" ("parent_id");
CREATE INDEX IF NOT EXISTS "blog_blogcomment_post_id_f2a3e760" ON "blog_blogcomment" ("post_id");
CREATE INDEX IF NOT EXISTS "blog_blogcomment_user_id_dc3b3111" ON "blog_blogcomment" ("user_id");
CREATE UNIQUE INDEX "profiles_profile_friends_profile_id_user_id_b04f5799_uniq" ON "profiles_profile_friends" ("profile_id", "user_id");
CREATE INDEX IF NOT EXISTS "profiles_profile_friends_profile_id_1b1360a5" ON "profiles_profile_friends" ("profile_id");
CREATE INDEX IF NOT EXISTS "profiles_profile_friends_user_id_36beac75" ON "profiles_profile_friends" ("user_id");
CREATE TABLE IF NOT EXISTS "auth_user" ("id" integer NOT NULL PRIMARY KEY AUTOINCREMENT, "password" varchar(128) NOT NULL, "last_login" datetime NULL, "is_superuser" bool NOT NULL, "username" varchar(150) NOT NULL UNIQUE, "last_name" varchar(150) NOT NULL, "email" varchar(254) NOT NULL, "is_staff" bool NOT NULL, "is_active" bool NOT NULL, "date_joined" datetime NOT NULL, "first_name" varchar(150) NOT NULL);
INSERT INTO "auth_user" VALUES(1,'pbkdf2_sha256$216000$x24bTLJeWFtL$WGS54ZVydnlGWxCRcMg9tSmkX+5pwzoDZz+AYfxV8UQ=','2020-11-06 13:14:27.291279',1,'admin','Kumar','admin@gmail.com',1,1,'2020-08-09 07:19:10','Rahul');
INSERT INTO "auth_user" VALUES(3,'pbkdf2_sha256$216000$jzwcwtNKeGeA$35n4VsZVTygsdZCyhxUl0Y3k9AxJs1GwjK9o+/u+H8M=','2020-08-30 15:59:44.271428',0,'nisha','kumari','nisha@gmail.com',0,1,'2020-08-13 08:42:27','nisha');
INSERT INTO "auth_user" VALUES(23,'pbkdf2_sha256$216000$V1hQSNaXJJVr$wf+CRUVhhSpqnrib6qhWxKKLVp1pDjqPf48+e5u6AWw=',NULL,0,'testuser3','user3','rohitgupta8799@gmail.com',0,1,'2020-09-01 14:34:40.807178','test');
CREATE UNIQUE INDEX "auth_group_permissions_group_id_permission_id_0cd325b0_uniq" ON "auth_group_permissions" ("group_id", "permission_id");
CREATE INDEX IF NOT EXISTS "auth_group_permissions_group_id_b120cbf9" ON "auth_group_permissions" ("group_id");
CREATE INDEX IF NOT EXISTS "auth_group_permissions_permission_id_84c5c92e" ON "auth_group_permissions" ("permission_id");
CREATE UNIQUE INDEX "auth_user_groups_user_id_group_id_94350c0c_uniq" ON "auth_user_groups" ("user_id", "group_id");
CREATE INDEX IF NOT EXISTS "auth_user_groups_user_id_6a12ed8b" ON "auth_user_groups" ("user_id");
CREATE INDEX IF NOT EXISTS "auth_user_groups_group_id_97559544" ON "auth_user_groups" ("group_id");
CREATE UNIQUE INDEX "auth_user_user_permissions_user_id_permission_id_14a6b632_uniq" ON "auth_user_user_permissions" ("user_id", "permission_id");
CREATE INDEX IF NOT EXISTS "auth_user_user_permissions_user_id_a95ead1b" ON "auth_user_user_permissions" ("user_id");
CREATE INDEX IF NOT EXISTS "auth_user_user_permissions_permission_id_1fbb5f2c" ON "auth_user_user_permissions" ("permission_id");
CREATE INDEX IF NOT EXISTS "django_admin_log_content_type_id_c4bce8eb" ON "django_admin_log" ("content_type_id");
CREATE INDEX IF NOT EXISTS "django_admin_log_user_id_c564eba6" ON "django_admin_log" ("user_id");
CREATE UNIQUE INDEX "django_content_type_app_label_model_76bd3d3b_uniq" ON "django_content_type" ("app_label", "model");
CREATE UNIQUE INDEX "auth_permission_content_type_id_codename_01ab375a_uniq" ON "auth_permission" ("content_type_id", "codename");
CREATE INDEX IF NOT EXISTS "auth_permission_content_type_id_2f476e4b" ON "auth_permission" ("content_type_id");
CREATE INDEX IF NOT EXISTS "django_session_expire_date_a5c62663" ON "django_session" ("expire_date");
CREATE INDEX IF NOT EXISTS "blog_blogcomment_parent_id_df1e1d2a" ON "blog_blogcomment" ("parent_id");
CREATE INDEX IF NOT EXISTS "blog_blogcomment_post_id_f2a3e760" ON "blog_blogcomment" ("post_id");
CREATE INDEX IF NOT EXISTS "blog_blogcomment_user_id_dc3b3111" ON "blog_blogcomment" ("user_id");
CREATE UNIQUE INDEX "profiles_profile_friends_profile_id_user_id_b04f5799_uniq" ON "profiles_profile_friends" ("profile_id", "user_id");
CREATE INDEX IF NOT EXISTS "profiles_profile_friends_profile_id_1b1360a5" ON "profiles_profile_friends" ("profile_id");
CREATE INDEX IF NOT EXISTS "profiles_profile_friends_user_id_36beac75" ON "profiles_profile_friends" ("user_id");
CREATE TABLE IF NOT EXISTS "auth_user_groups" ("id" integer NOT NULL PRIMARY KEY AUTOINCREMENT, "user_id" integer NOT NULL REFERENCES "auth_user" ("id") DEFERRABLE INITIALLY DEFERRED, "group_id" integer NOT NULL REFERENCES "auth_group" ("id") DEFERRABLE INITIALLY DEFERRED);
CREATE UNIQUE INDEX "auth_group_permissions_group_id_permission_id_0cd325b0_uniq" ON "auth_group_permissions" ("group_id", "permission_id");
CREATE INDEX IF NOT EXISTS "auth_group_permissions_group_id_b120cbf9" ON "auth_group_permissions" ("group_id");
CREATE INDEX IF NOT EXISTS "auth_group_permissions_permission_id_84c5c92e" ON "auth_group_permissions" ("permission_id");
CREATE UNIQUE INDEX "auth_user_groups_user_id_group_id_94350c0c_uniq" ON "auth_user_groups" ("user_id", "group_id");
CREATE INDEX IF NOT EXISTS "auth_user_groups_user_id_6a12ed8b" ON "auth_user_groups" ("user_id");
CREATE INDEX IF NOT EXISTS "auth_user_groups_group_id_97559544" ON "auth_user_groups" ("group_id");
CREATE UNIQUE INDEX "auth_user_user_permissions_user_id_permission_id_14a6b632_uniq" ON "auth_user_user_permissions" ("user_id", "permission_id");
CREATE INDEX IF NOT EXISTS "auth_user_user_permissions_user_id_a95ead1b" ON "auth_user_user_permissions" ("user_id");
CREATE INDEX IF NOT EXISTS "auth_user_user_permissions_permission_id_1fbb5f2c" ON "auth_user_user_permissions" ("permission_id");
CREATE INDEX IF NOT EXISTS "django_admin_log_content_type_id_c4bce8eb" ON "django_admin_log" ("content_type_id");
CREATE INDEX IF NOT EXISTS "django_admin_log_user_id_c564eba6" ON "django_admin_log" ("user_id");
CREATE UNIQUE INDEX "django_content_type_app_label_model_76bd3d3b_uniq" ON "django_content_type" ("app_label", "model");
CREATE UNIQUE INDEX "auth_permission_content_type_id_codename_01ab375a_uniq" ON "auth_permission" ("content_type_id", "codename");
CREATE INDEX IF NOT EXISTS "auth_permission_content_type_id_2f476e4b" ON "auth_permission" ("content_type_id");
CREATE INDEX IF NOT EXISTS "django_session_expire_date_a5c62663" ON "django_session" ("expire_date");
CREATE INDEX IF NOT EXISTS "blog_blogcomment_parent_id_df1e1d2a" ON "blog_blogcomment" ("parent_id");
CREATE INDEX IF NOT EXISTS "blog_blogcomment_post_id_f2a3e760" ON "blog_blogcomment" ("post_id");
CREATE INDEX IF NOT EXISTS "blog_blogcomment_user_id_dc3b3111" ON "blog_blogcomment" ("user_id");
CREATE UNIQUE INDEX "profiles_profile_friends_profile_id_user_id_b04f5799_uniq" ON "profiles_profile_friends" ("profile_id", "user_id");
CREATE INDEX IF NOT EXISTS "profiles_profile_friends_profile_id_1b1360a5" ON "profiles_profile_friends" ("profile_id");
CREATE INDEX IF NOT EXISTS "profiles_profile_friends_user_id_36beac75" ON "profiles_profile_friends" ("user_id");
CREATE TABLE IF NOT EXISTS "auth_user_user_permissions" ("id" integer NOT NULL PRIMARY KEY AUTOINCREMENT, "user_id" integer NOT NULL REFERENCES "auth_user" ("id") DEFERRABLE INITIALLY DEFERRED, "permission_id" integer NOT NULL REFERENCES "auth_permission" ("id") DEFERRABLE INITIALLY DEFERRED);
CREATE UNIQUE INDEX "auth_group_permissions_group_id_permission_id_0cd325b0_uniq" ON "auth_group_permissions" ("group_id", "permission_id");
CREATE INDEX IF NOT EXISTS "auth_group_permissions_group_id_b120cbf9" ON "auth_group_permissions" ("group_id");
CREATE INDEX IF NOT EXISTS "auth_group_permissions_permission_id_84c5c92e" ON "auth_group_permissions" ("permission_id");
CREATE UNIQUE INDEX "auth_user_groups_user_id_group_id_94350c0c_uniq" ON "auth_user_groups" ("user_id", "group_id");
CREATE INDEX IF NOT EXISTS "auth_user_groups_user_id_6a12ed8b" ON "auth_user_groups" ("user_id");
CREATE INDEX IF NOT EXISTS "auth_user_groups_group_id_97559544" ON "auth_user_groups" ("group_id");
CREATE UNIQUE INDEX "auth_user_user_permissions_user_id_permission_id_14a6b632_uniq" ON "auth_user_user_permissions" ("user_id", "permission_id");
CREATE INDEX IF NOT EXISTS "auth_user_user_permissions_user_id_a95ead1b" ON "auth_user_user_permissions" ("user_id");
CREATE INDEX IF NOT EXISTS "auth_user_user_permissions_permission_id_1fbb5f2c" ON "auth_user_user_permissions" ("permission_id");
CREATE INDEX IF NOT EXISTS "django_admin_log_content_type_id_c4bce8eb" ON "django_admin_log" ("content_type_id");
CREATE INDEX IF NOT EXISTS "django_admin_log_user_id_c564eba6" ON "django_admin_log" ("user_id");
CREATE UNIQUE INDEX "django_content_type_app_label_model_76bd3d3b_uniq" ON "django_content_type" ("app_label", "model");
CREATE UNIQUE INDEX "auth_permission_content_type_id_codename_01ab375a_uniq" ON "auth_permission" ("content_type_id", "codename");
CREATE INDEX IF NOT EXISTS "auth_permission_content_type_id_2f476e4b" ON "auth_permission" ("content_type_id");
CREATE INDEX IF NOT EXISTS "django_session_expire_date_a5c62663" ON "django_session" ("expire_date");
CREATE INDEX IF NOT EXISTS "blog_blogcomment_parent_id_df1e1d2a" ON "blog_blogcomment" ("parent_id");
CREATE INDEX IF NOT EXISTS "blog_blogcomment_post_id_f2a3e760" ON "blog_blogcomment" ("post_id");
CREATE INDEX IF NOT EXISTS "blog_blogcomment_user_id_dc3b3111" ON "blog_blogcomment" ("user_id");
CREATE UNIQUE INDEX "profiles_profile_friends_profile_id_user_id_b04f5799_uniq" ON "profiles_profile_friends" ("profile_id", "user_id");
CREATE INDEX IF NOT EXISTS "profiles_profile_friends_profile_id_1b1360a5" ON "profiles_profile_friends" ("profile_id");
CREATE INDEX IF NOT EXISTS "profiles_profile_friends_user_id_36beac75" ON "profiles_profile_friends" ("user_id");
CREATE TABLE IF NOT EXISTS "blog_blogcomment" ("sno" integer NOT NULL PRIMARY KEY AUTOINCREMENT, "comment" text NOT NULL, "timestamp" datetime NOT NULL, "parent_id" integer NULL REFERENCES "blog_blogcomment" ("sno") DEFERRABLE INITIALLY DEFERRED, "post_id" integer NOT NULL REFERENCES "blog_post" ("sno") DEFERRABLE INITIALLY DEFERRED, "user_id" integer NOT NULL REFERENCES "auth_user" ("id") DEFERRABLE INITIALLY DEFERRED);
INSERT INTO "blog_blogcomment" VALUES(1,'hi','2020-08-14 08:12:45.605344',NULL,1,1);
INSERT INTO "blog_blogcomment" VALUES(2,'hi','2020-08-14 08:34:05.297741',NULL,1,1);
INSERT INTO "blog_blogcomment" VALUES(3,'this is good post','2020-08-14 08:36:40.250227',NULL,1,1);
INSERT INTO "blog_blogcomment" VALUES(4,'thanks for give me this information','2020-08-14 09:00:56.446050',NULL,1,1);
INSERT INTO "blog_blogcomment" VALUES(5,'this is?','2020-08-14 09:48:37.341046',NULL,1,1);
INSERT INTO "blog_blogcomment" VALUES(6,'hello?','2020-08-14 09:57:25.630062',NULL,2,3);
INSERT INTO "blog_blogcomment" VALUES(7,'My name is Nisha Kumari','2020-08-14 09:57:47.530344',NULL,2,3);
INSERT INTO "blog_blogcomment" VALUES(8,'hi','2020-08-14 10:42:24.350112',NULL,2,3);
INSERT INTO "blog_blogcomment" VALUES(9,'thanks?','2020-08-15 05:40:59.104081',1,1,3);
INSERT INTO "blog_blogcomment" VALUES(10,'good job!','2020-08-15 07:05:33.279330',5,1,3);
INSERT INTO "blog_blogcomment" VALUES(11,'hi nisha','2020-08-15 08:28:46.240536',6,2,1);
INSERT INTO "blog_blogcomment" VALUES(12,'how are you!','2020-08-15 08:32:58.730564',8,2,1);
INSERT INTO "blog_blogcomment" VALUES(13,'hello','2020-08-15 14:14:26.133031',8,2,1);
INSERT INTO "blog_blogcomment" VALUES(14,'wow!','2020-08-19 11:49:54.604946',NULL,3,1);
INSERT INTO "blog_blogcomment" VALUES(15,'chal','2020-08-30 12:57:34.265263',6,2,1);
INSERT INTO "blog_blogcomment" VALUES(16,'lol','2020-08-30 13:30:28.292171',NULL,2,1);
INSERT INTO "blog_blogcomment" VALUES(17,'lol','2020-08-30 13:50:04.934295',NULL,1,1);
INSERT INTO "blog_blogcomment" VALUES(18,'what is the python','2020-09-01 11:42:41.893718',NULL,3,1);
INSERT INTO "blog_blogcomment" VALUES(19,'this is a dumy comment','2020-09-01 11:59:12.822085',NULL,4,1);
INSERT INTO "blog_blogcomment" VALUES(20,'dummy means????','2020-09-01 12:00:54.640566',19,4,1);
INSERT INTO "blog_blogcomment" VALUES(21,'Good Job','2020-09-30 13:57:04.998109',NULL,5,1);
INSERT INTO "blog_blogcomment" VALUES(22,'lol','2020-09-30 14:11:54.971947',NULL,5,1);
INSERT INTO "blog_blogcomment" VALUES(23,'chal','2020-09-30 14:15:08.917873',21,5,1);
INSERT INTO "blog_blogcomment" VALUES(24,'chal','2020-09-30 14:15:48.384515',21,5,1);
INSERT INTO "blog_blogcomment" VALUES(25,'chal','2020-09-30 14:17:25.033310',21,5,1);
INSERT INTO "blog_blogcomment" VALUES(26,'bhok','2020-09-30 14:21:35.528696',21,5,1);
INSERT INTO "blog_blogcomment" VALUES(28,'hi Rohit kumar','2020-11-06 12:40:06.948708',NULL,1,1);
INSERT INTO "blog_blogcomment" VALUES(29,'lol','2020-11-07 13:22:45.246666',NULL,6,1);
INSERT INTO "blog_blogcomment" VALUES(30,'thanks!','2020-11-15 14:44:48.661237',3,1,1);
INSERT INTO "blog_blogcomment" VALUES(31,'What a picture','2020-11-19 14:11:09.722348',NULL,6,1);
CREATE UNIQUE INDEX "auth_group_permissions_group_id_permission_id_0cd325b0_uniq" ON "auth_group_permissions" ("group_id", "permission_id");
CREATE INDEX IF NOT EXISTS "auth_group_permissions_group_id_b120cbf9" ON "auth_group_permissions" ("group_id");
CREATE INDEX IF NOT EXISTS "auth_group_permissions_permission_id_84c5c92e" ON "auth_group_permissions" ("permission_id");
CREATE UNIQUE INDEX "auth_user_groups_user_id_group_id_94350c0c_uniq" ON "auth_user_groups" ("user_id", "group_id");
CREATE INDEX IF NOT EXISTS "auth_user_groups_user_id_6a12ed8b" ON "auth_user_groups" ("user_id");
CREATE INDEX IF NOT EXISTS "auth_user_groups_group_id_97559544" ON "auth_user_groups" ("group_id");
CREATE UNIQUE INDEX "auth_user_user_permissions_user_id_permission_id_14a6b632_uniq" ON "auth_user_user_permissions" ("user_id", "permission_id");
CREATE INDEX IF NOT EXISTS "auth_user_user_permissions_user_id_a95ead1b" ON "auth_user_user_permissions" ("user_id");
CREATE INDEX IF NOT EXISTS "auth_user_user_permissions_permission_id_1fbb5f2c" ON "auth_user_user_permissions" ("permission_id");
CREATE INDEX IF NOT EXISTS "django_admin_log_content_type_id_c4bce8eb" ON "django_admin_log" ("content_type_id");
CREATE INDEX IF NOT EXISTS "django_admin_log_user_id_c564eba6" ON "django_admin_log" ("user_id");
CREATE UNIQUE INDEX "django_content_type_app_label_model_76bd3d3b_uniq" ON "django_content_type" ("app_label", "model");
CREATE UNIQUE INDEX "auth_permission_content_type_id_codename_01ab375a_uniq" ON "auth_permission" ("content_type_id", "codename");
CREATE INDEX IF NOT EXISTS "auth_permission_content_type_id_2f476e4b" ON "auth_permission" ("content_type_id");
CREATE INDEX IF NOT EXISTS "django_session_expire_date_a5c62663" ON "django_session" ("expire_date");
CREATE INDEX IF NOT EXISTS "blog_blogcomment_parent_id_df1e1d2a" ON "blog_blogcomment" ("parent_id");
CREATE INDEX IF NOT EXISTS "blog_blogcomment_post_id_f2a3e760" ON "blog_blogcomment" ("post_id");
CREATE INDEX IF NOT EXISTS "blog_blogcomment_user_id_dc3b3111" ON "blog_blogcomment" ("user_id");
CREATE UNIQUE INDEX "profiles_profile_friends_profile_id_user_id_b04f5799_uniq" ON "profiles_profile_friends" ("profile_id", "user_id");
CREATE INDEX IF NOT EXISTS "profiles_profile_friends_profile_id_1b1360a5" ON "profiles_profile_friends" ("profile_id");
CREATE INDEX IF NOT EXISTS "profiles_profile_friends_user_id_36beac75" ON "profiles_profile_friends" ("user_id");
CREATE TABLE IF NOT EXISTS "blog_post" ("sno" integer NOT NULL PRIMARY KEY AUTOINCREMENT, "title" varchar(255) NOT NULL, "content" text NOT NULL, "author" varchar(75) NOT NULL, "slug" varchar(50) NULL UNIQUE, "views" integer NOT NULL, "timeStamp" datetime NOT NULL);
INSERT INTO "blog_post" VALUES(1,'Django post','This is django post and this is very good framework.','Rohit Kumar','lhzrn14e8s',62,'2020-08-11 06:01:10');
INSERT INTO "blog_post" VALUES(2,'Python','Python is an interpreted, high-level, general-purpose programming language. Created by Guido van Rossum and first released in 1991, Python''s design philosophy emphasizes code readability with its notable use of significant whitespace. Its language constructs and object-oriented approach aim to help programmers write clear, logical code for small and large-scale projects.Python is dynamically typed and garbage-collected. It supports multiple programming paradigms, including structured (particularly, procedural), object-oriented, and functional programming. Python is often described as a "batteries included" language due to its comprehensive standard library.','Rahul Kumar','64he3662a8',42,'2020-08-11 10:11:10');
INSERT INTO "blog_post" VALUES(3,'Python Flask','Flask is a micro web framework written in #Python. It is classified as a microframework because it does not require particular tools or libraries. It has no database abstraction layer, form validation, or any other components where pre-existing third-party libraries provide common functions. However, Flask supports extensions that can add application features as if they were implemented in Flask itself. Extensions exist for object-relational mappers, form validation, upload handling, various open authentication technologies and several #common framework related tools. Extensions are updated far more frequently than the core Flask program. #django.','Nisha Kumari','93vb9fzyr8',18,'2020-08-19 11:48:26');
INSERT INTO "blog_post" VALUES(4,'PHP','PHP is the also backend framework that is help to make website better.PHP is the also backend framework that is help to make website better.PHP is the also backend framework that is help to make website better.PHP is the also backend framework that is help to make website better.PHP is the also backend framework that is help to make website better.PHP is the also backend framework that is help to make website better.PHP is the also backend framework that is help to make website better.PHP is the also backend framework that is help to make website better.PHP is the also backend framework that is help to make website better.PHP is the also backend framework that is help to make website better.PHP is the also backend framework that is help to make website better.PHP is the also backend framework that is help to make website better.PHP is the also backend framework that is help to make website better.PHP is the also backend framework that is help to make website better.PHP is the also backend framework that is help to make website better.PHP is the also backend framework that is help to make website better.PHP is the also backend framework that is help to make website better.PHP is the also backend framework that is help to make website better.PHP is the also backend framework that is help to make website better.PHP is the also backend framework that is help to make website better.PHP is the also backend framework that is help to make website better.PHP is the also backend framework that is help to make website better.PHP is the also backend framework that is help to make website better.PHP is the also backend framework that is help to make website better.PHP is the also backend framework that is help to make website better.PHP is the also backend framework that is help to make website better.PHP is the also backend framework that is help to make website better.PHP is the also backend framework that is help to make website better.PHP is the also backend framework that is help to make website better.PHP is the also backend framework that is help to make website better.PHP is the also backend framework that is help to make website better.PHP is the also backend framework that is help to make website better.PHP is the also backend framework that is help to make website better.PHP is the also backend framework that is help to make website better.PHP is the also backend framework that is help to make website better.PHP is the also backend framework that is help to make website better.PHP is the also backend framework that is help to make website better.PHP is the also backend framework that is help to make website better.','PHP.com','njnkoi1v3x',9,'2020-09-01 11:49:15');
INSERT INTO "blog_post" VALUES(5,'Laravel','Laravel is a free, open-source PHP web framework, created by Taylor Otwell and intended for the development of web applications following the model–view–controller (MVC) architectural pattern and based on Symfony. Some of the features of Laravel are a modular packaging system with a dedicated dependency manager, different ways for accessing relational databases, utilities that aid in application deployment and maintenance, and its orientation toward syntactic sugar.
The source code of Laravel is hosted on GitHub and licensed under the terms of MIT License.

Taylor Otwell created Laravel as an attempt to provide a more advanced alternative to the CodeIgniter framework, which did not provide certain features such as built-in support for user authentication and authorization. Laravel''s first beta release was made available on June 9, 2011, followed by the Laravel 1 release later in the same month. Laravel 1 included built-in support for authentication, localisation, models, views, sessions, routing and other mechanisms, but lacked support for controllers that prevented it from being a true MVC framework.

Laravel 2 was released in September 2011, bringing various improvements from the author and community. Major new features included the support for controllers, which made Laravel 2 a fully MVC-compliant framework, built-in support for the inversion of control (IoC) principle, and a templating system called Blade. As a downside, support for third-party packages was removed in Laravel 2.','Laravel Co.Ltd','c4cdvkgn4y',65,'2020-09-30 13:53:51');
INSERT INTO "blog_post" VALUES(6,'Lol Tiny Mce','<ul>
<li style="list-style-type: none;">
<ul>
<li><img src="https://www.tiny.cloud/static/enterprise-935f517d53180c65405677612508fe5d.svg" alt="" width="159" height="33" />LOl <strong>Mce</strong></li>
</ul>
</li>
</ul>','Rahul','wuyydsrm1f',13,'2020-11-07 13:07:46');
CREATE UNIQUE INDEX "auth_group_permissions_group_id_permission_id_0cd325b0_uniq" ON "auth_group_permissions" ("group_id", "permission_id");
CREATE INDEX IF NOT EXISTS "auth_group_permissions_group_id_b120cbf9" ON "auth_group_permissions" ("group_id");
CREATE INDEX IF NOT EXISTS "auth_group_permissions_permission_id_84c5c92e" ON "auth_group_permissions" ("permission_id");
CREATE UNIQUE INDEX "auth_user_groups_user_id_group_id_94350c0c_uniq" ON "auth_user_groups" ("user_id", "group_id");
CREATE INDEX IF NOT EXISTS "auth_user_groups_user_id_6a12ed8b" ON "auth_user_groups" ("user_id");
CREATE INDEX IF NOT EXISTS "auth_user_groups_group_id_97559544" ON "auth_user_groups" ("group_id");
CREATE UNIQUE INDEX "auth_user_user_permissions_user_id_permission_id_14a6b632_uniq" ON "auth_user_user_permissions" ("user_id", "permission_id");
CREATE INDEX IF NOT EXISTS "auth_user_user_permissions_user_id_a95ead1b" ON "auth_user_user_permissions" ("user_id");
CREATE INDEX IF NOT EXISTS "auth_user_user_permissions_permission_id_1fbb5f2c" ON "auth_user_user_permissions" ("permission_id");
CREATE INDEX IF NOT EXISTS "django_admin_log_content_type_id_c4bce8eb" ON "django_admin_log" ("content_type_id");
CREATE INDEX IF NOT EXISTS "django_admin_log_user_id_c564eba6" ON "django_admin_log" ("user_id");
CREATE UNIQUE INDEX "django_content_type_app_label_model_76bd3d3b_uniq" ON "django_content_type" ("app_label", "model");
CREATE UNIQUE INDEX "auth_permission_content_type_id_codename_01ab375a_uniq" ON "auth_permission" ("content_type_id", "codename");
CREATE INDEX IF NOT EXISTS "auth_permission_content_type_id_2f476e4b" ON "auth_permission" ("content_type_id");
CREATE INDEX IF NOT EXISTS "django_session_expire_date_a5c62663" ON "django_session" ("expire_date");
CREATE INDEX IF NOT EXISTS "blog_blogcomment_parent_id_df1e1d2a" ON "blog_blogcomment" ("parent_id");
CREATE INDEX IF NOT EXISTS "blog_blogcomment_post_id_f2a3e760" ON "blog_blogcomment" ("post_id");
CREATE INDEX IF NOT EXISTS "blog_blogcomment_user_id_dc3b3111" ON "blog_blogcomment" ("user_id");
CREATE UNIQUE INDEX "profiles_profile_friends_profile_id_user_id_b04f5799_uniq" ON "profiles_profile_friends" ("profile_id", "user_id");
CREATE INDEX IF NOT EXISTS "profiles_profile_friends_profile_id_1b1360a5" ON "profiles_profile_friends" ("profile_id");
CREATE INDEX IF NOT EXISTS "profiles_profile_friends_user_id_36beac75" ON "profiles_profile_friends" ("user_id");
CREATE TABLE IF NOT EXISTS "django_admin_log" ("id" integer NOT NULL PRIMARY KEY AUTOINCREMENT, "action_time" datetime NOT NULL, "object_id" text NULL, "object_repr" varchar(200) NOT NULL, "change_message" text NOT NULL, "content_type_id" integer NULL REFERENCES "django_content_type" ("id") DEFERRABLE INITIALLY DEFERRED, "user_id" integer NOT NULL REFERENCES "auth_user" ("id") DEFERRABLE INITIALLY DEFERRED, "action_flag" smallint unsigned NOT NULL CHECK ("action_flag" >= 0));
INSERT INTO "django_admin_log" VALUES(1,'2020-08-11 06:01:23.192613','1','Django postbyRohit Kumar','[{"added": {}}]',8,1,1);
INSERT INTO "django_admin_log" VALUES(2,'2020-08-11 10:11:56.624566','2','Python, by: Rahul Kumar','[{"added": {}}]',8,1,1);
INSERT INTO "django_admin_log" VALUES(3,'2020-08-11 10:12:06.174306','1','Django post, by: Rohit Kumar','[{"changed": {"fields": ["Slug"]}}]',8,1,2);
INSERT INTO "django_admin_log" VALUES(4,'2020-08-11 10:12:11.681734','2','Python, by: Rahul Kumar','[]',8,1,2);
INSERT INTO "django_admin_log" VALUES(5,'2020-08-19 11:48:28.870461','3','Python Flask, by: Nisha Kumari','[{"added": {}}]',8,1,1);
INSERT INTO "django_admin_log" VALUES(6,'2020-08-19 11:48:51.773632','1','Django post, by: Rohit Kumar','[{"changed": {"fields": ["Views"]}}]',8,1,2);
INSERT INTO "django_admin_log" VALUES(7,'2020-08-19 11:49:04.064099','3','Python Flask, by: Nisha Kumari','[{"changed": {"fields": ["Views"]}}]',8,1,2);
INSERT INTO "django_admin_log" VALUES(8,'2020-08-19 11:51:31.224767','2','Python, by: Rahul Kumar','[{"changed": {"fields": ["Views"]}}]',8,1,2);
INSERT INTO "django_admin_log" VALUES(9,'2020-08-29 12:15:05.491254','1','admin--29-08-2020','[{"added": {}}]',10,1,1);
INSERT INTO "django_admin_log" VALUES(10,'2020-08-29 12:45:28.830955','1','','[{"added": {}}]',11,1,1);
INSERT INTO "django_admin_log" VALUES(11,'2020-08-29 13:23:33.502470','1','Rahul and Kumar','[{"changed": {"fields": ["First name", "Last name"]}}]',11,1,2);
INSERT INTO "django_admin_log" VALUES(12,'2020-08-29 14:56:14.458859','4','testuser2','',4,1,3);
INSERT INTO "django_admin_log" VALUES(13,'2020-08-29 14:57:13.372062','5','testuser2','',4,1,3);
INSERT INTO "django_admin_log" VALUES(14,'2020-08-29 15:00:16.961569','6','testuser2','',4,1,3);
INSERT INTO "django_admin_log" VALUES(15,'2020-08-29 16:15:00.004648','7','testuser2','',4,1,3);
INSERT INTO "django_admin_log" VALUES(16,'2020-08-29 16:17:27.768535','8','testuser2','',4,1,3);
INSERT INTO "django_admin_log" VALUES(17,'2020-08-29 16:19:56.185221','9','testuser2','',4,1,3);
INSERT INTO "django_admin_log" VALUES(18,'2020-08-29 16:22:02.278301','10','testuser2','',4,1,3);
INSERT INTO "django_admin_log" VALUES(19,'2020-08-29 17:01:32.862138','11','testuser2','',4,1,3);
INSERT INTO "django_admin_log" VALUES(20,'2020-08-30 12:56:23.366631','3','nisha','[{"changed": {"fields": ["Staff status"]}}]',4,1,2);
INSERT INTO "django_admin_log" VALUES(21,'2020-08-30 12:57:20.489461','3','nisha','[{"changed": {"fields": ["Staff status"]}}]',4,1,2);
INSERT INTO "django_admin_log" VALUES(22,'2020-08-30 14:20:01.590672','13','testuser2','',4,1,3);
INSERT INTO "django_admin_log" VALUES(23,'2020-08-30 15:05:55.570858','14','testuser2','[{"changed": {"fields": ["User permissions"]}}]',4,1,2);
INSERT INTO "django_admin_log" VALUES(24,'2020-08-30 15:06:07.721032','14','testuser2','',4,1,3);
INSERT INTO "django_admin_log" VALUES(25,'2020-08-30 15:06:15.532626','2','rohitgupta05','',4,1,3);
INSERT INTO "django_admin_log" VALUES(26,'2020-08-30 15:43:16.172421','15','testuser2','',4,1,3);
INSERT INTO "django_admin_log" VALUES(27,'2020-08-30 15:45:08.251841','16','testuser2','',4,1,3);
INSERT INTO "django_admin_log" VALUES(28,'2020-08-30 15:47:41.261392','17','testuser2','',4,1,3);
INSERT INTO "django_admin_log" VALUES(29,'2020-08-31 13:04:38.141262','19','testuser3','',4,1,3);
INSERT INTO "django_admin_log" VALUES(30,'2020-08-31 13:06:17.396109','20','testuser3','',4,1,3);
INSERT INTO "django_admin_log" VALUES(31,'2020-08-31 14:22:29.641900','1','Ant Man','[{"added": {}}]',13,1,1);
INSERT INTO "django_admin_log" VALUES(32,'2020-09-01 11:41:49.931203','3','Python Flask, by: Nisha Kumari','[{"changed": {"fields": ["Content"]}}]',8,1,2);
INSERT INTO "django_admin_log" VALUES(33,'2020-09-01 11:49:18.111674','4','PHP, by: PHP.com','[{"added": {}}]',8,1,1);
INSERT INTO "django_admin_log" VALUES(34,'2020-09-01 14:30:50.386420','21','testuser4','',4,1,3);
INSERT INTO "django_admin_log" VALUES(35,'2020-09-01 14:34:09.883183','22','testuser3','',4,1,3);
INSERT INTO "django_admin_log" VALUES(36,'2020-09-11 13:40:15.347595','1','Django post Django postDjango postDjango postDjango post, by: Rohit Kumar','[{"changed": {"fields": ["Title"]}}]',8,1,2);
INSERT INTO "django_admin_log" VALUES(37,'2020-09-11 13:40:31.362443','1','Django post, by: Rohit Kumar','[{"changed": {"fields": ["Title"]}}]',8,1,2);
INSERT INTO "django_admin_log" VALUES(38,'2020-09-30 13:38:59.060649','1','admin','[{"changed": {"fields": ["First name", "Last name", "Email address"]}}]',4,1,2);
INSERT INTO "django_admin_log" VALUES(39,'2020-09-30 13:55:35.499955','5','Laravel, by: Laravel Co.Ltd','[{"added": {}}]',8,1,1);
INSERT INTO "django_admin_log" VALUES(40,'2020-09-30 13:55:55.957670','5','Laravel, by: Laravel Co.Ltd','[{"changed": {"fields": ["Views"]}}]',8,1,2);
INSERT INTO "django_admin_log" VALUES(41,'2020-11-05 19:19:34.256861','5','Laravel, by: Laravel Co.Ltd','[{"changed": {"fields": ["Slug"]}}]',8,1,2);
INSERT INTO "django_admin_log" VALUES(42,'2020-11-05 19:20:22.947197','5','Laravel, by: Laravel Co.Ltd','[{"changed": {"fields": ["Slug"]}}]',8,1,2);
INSERT INTO "django_admin_log" VALUES(43,'2020-11-05 19:51:51.862838','5','Laravel, by: Laravel Co.Ltd','[{"changed": {"fields": ["Slug"]}}]',8,1,2);
INSERT INTO "django_admin_log" VALUES(44,'2020-11-05 19:52:16.162887','5','Laravel, by: Laravel Co.Ltd','[{"changed": {"fields": ["Slug"]}}]',8,1,2);
INSERT INTO "django_admin_log" VALUES(45,'2020-11-05 20:16:36.354124','5','Laravel, by: Laravel Co.Ltd','[]',8,1,2);
INSERT INTO "django_admin_log" VALUES(46,'2020-11-05 20:42:50.884657','5','Laravel, by: Laravel Co.Ltd','[{"changed": {"fields": ["Slug"]}}]',8,1,2);
INSERT INTO "django_admin_log" VALUES(47,'2020-11-05 20:43:24.298336','5','Laravel, by: Laravel Co.Ltd','[]',8,1,2);
INSERT INTO "django_admin_log" VALUES(48,'2020-11-05 20:53:02.801093','5','Laravel, by: Laravel Co.Ltd','[]',8,1,2);
INSERT INTO "django_admin_log" VALUES(49,'2020-11-06 12:10:52.920486','5','Laravel, by: Laravel Co.Ltd','[{"changed": {"fields": ["Slug"]}}]',8,1,2);
INSERT INTO "django_admin_log" VALUES(50,'2020-11-06 12:11:12.506075','5','Laravel, by: Laravel Co.Ltd','[{"changed": {"fields": ["Slug"]}}]',8,1,2);
INSERT INTO "django_admin_log" VALUES(51,'2020-11-06 12:12:58.339633','5','Laravel, by: Laravel Co.Ltd','[{"changed": {"fields": ["Slug"]}}]',8,1,2);
INSERT INTO "django_admin_log" VALUES(52,'2020-11-06 12:13:05.068526','5','Laravel, by: Laravel Co.Ltd','[{"changed": {"fields": ["Slug"]}}]',8,1,2);
INSERT INTO "django_admin_log" VALUES(53,'2020-11-06 12:13:10.864707','5','Laravel, by: Laravel Co.Ltd','[{"changed": {"fields": ["Slug"]}}]',8,1,2);
INSERT INTO "django_admin_log" VALUES(54,'2020-11-06 12:13:15.845161','5','Laravel, by: Laravel Co.Ltd','[{"changed": {"fields": ["Slug"]}}]',8,1,2);
INSERT INTO "django_admin_log" VALUES(55,'2020-11-06 12:14:53.208933','5','Laravel, by: Laravel Co.Ltd','[{"changed": {"fields": ["Slug"]}}]',8,1,2);
INSERT INTO "django_admin_log" VALUES(56,'2020-11-06 12:15:06.519320','5','Laravel, by: Laravel Co.Ltd','[{"changed": {"fields": ["Slug", "Views"]}}]',8,1,2);
INSERT INTO "django_admin_log" VALUES(57,'2020-11-06 12:16:55.334620','5','Laravel, by: Laravel Co.Ltd','[{"changed": {"fields": ["Slug"]}}]',8,1,2);
INSERT INTO "django_admin_log" VALUES(58,'2020-11-06 12:18:47.090407','6','Unique Slug Generator, by: Rahul','[{"added": {}}]',8,1,1);
INSERT INTO "django_admin_log" VALUES(59,'2020-11-06 12:18:54.282311','6','Unique Slug Generator, by: Rahul','[{"changed": {"fields": ["Slug"]}}]',8,1,2);
INSERT INTO "django_admin_log" VALUES(60,'2020-11-06 12:20:46.759011','6','Unique Slug Generator, by: Rahul','[{"changed": {"fields": ["Slug"]}}]',8,1,2);
INSERT INTO "django_admin_log" VALUES(61,'2020-11-06 12:20:50.971102','6','Unique Slug Generator, by: Rahul','[]',8,1,2);
INSERT INTO "django_admin_log" VALUES(62,'2020-11-06 12:20:56.387093','6','Unique Slug Generator, by: Rahul','[{"changed": {"fields": ["Slug"]}}]',8,1,2);
INSERT INTO "django_admin_log" VALUES(63,'2020-11-06 12:21:36.236609','5','Laravel, by: Laravel Co.Ltd','[{"changed": {"fields": ["Slug"]}}]',8,1,2);
INSERT INTO "django_admin_log" VALUES(64,'2020-11-06 12:27:22.229413','5','Laravel, by: Laravel Co.Ltd','[{"changed": {"fields": ["Slug"]}}]',8,1,2);
INSERT INTO "django_admin_log" VALUES(65,'2020-11-06 12:27:27.209839','5','Laravel, by: Laravel Co.Ltd','[{"changed": {"fields": ["Slug"]}}]',8,1,2);
INSERT INTO "django_admin_log" VALUES(66,'2020-11-06 12:27:56.528155','6','Unique Slug Generator, by: Rahul','[{"changed": {"fields": ["Slug"]}}]',8,1,2);
INSERT INTO "django_admin_log" VALUES(67,'2020-11-06 12:28:01.437342','6','Unique Slug Generator, by: Rahul','[{"changed": {"fields": ["Slug"]}}]',8,1,2);
INSERT INTO "django_admin_log" VALUES(68,'2020-11-06 12:28:04.291395','6','Unique Slug Generator, by: Rahul','[]',8,1,2);
INSERT INTO "django_admin_log" VALUES(69,'2020-11-06 12:28:10.165465','4','PHP, by: PHP.com','[{"changed": {"fields": ["Slug"]}}]',8,1,2);
INSERT INTO "django_admin_log" VALUES(70,'2020-11-06 12:28:18.916757','3','Python Flask, by: Nisha Kumari','[{"changed": {"fields": ["Slug"]}}]',8,1,2);
INSERT INTO "django_admin_log" VALUES(71,'2020-11-06 12:28:30.588753','2','Python, by: Rahul Kumar','[{"changed": {"fields": ["Slug"]}}]',8,1,2);
INSERT INTO "django_admin_log" VALUES(72,'2020-11-06 12:28:42.484642','1','Django post, by: Rohit Kumar','[{"changed": {"fields": ["Slug"]}}]',8,1,2);
INSERT INTO "django_admin_log" VALUES(73,'2020-11-06 12:30:20.913061','7','Slug, by: Rahul','[{"added": {}}]',8,1,1);
INSERT INTO "django_admin_log" VALUES(74,'2020-11-06 12:30:25.645326','7','Slug, by: Rahul','[{"changed": {"fields": ["Slug"]}}]',8,1,2);
INSERT INTO "django_admin_log" VALUES(75,'2020-11-06 12:31:00.000744','7','Slug, by: Rahul','',8,1,3);
INSERT INTO "django_admin_log" VALUES(76,'2020-11-06 12:32:24.224789','8','slug, by: Rahul','[{"added": {}}]',8,1,1);
INSERT INTO "django_admin_log" VALUES(77,'2020-11-06 12:32:56.128637','9','slug, by: Rahul','[{"added": {}}]',8,1,1);
INSERT INTO "django_admin_log" VALUES(78,'2020-11-06 12:33:56.257366','10','slug, by: Rahul','[{"added": {}}]',8,1,1);
INSERT INTO "django_admin_log" VALUES(79,'2020-11-06 12:35:02.319862','10','slug, by: Rahul','',8,1,3);
INSERT INTO "django_admin_log" VALUES(80,'2020-11-06 12:35:08.441845','9','slug, by: Rahul','',8,1,3);
INSERT INTO "django_admin_log" VALUES(81,'2020-11-06 12:35:14.496897','8','slug, by: Rahul','',8,1,3);
INSERT INTO "django_admin_log" VALUES(82,'2020-11-06 12:43:16.696700','6','Unique Slug Generator, by: Rahul','',8,1,3);
INSERT INTO "django_admin_log" VALUES(83,'2020-11-06 12:44:08.585195','5','Laravel, by: Laravel Co.Ltd','[{"changed": {"fields": ["Views"]}}]',8,1,2);
INSERT INTO "django_admin_log" VALUES(84,'2020-11-06 13:13:19.417198','24','testuser10','',4,1,3);
INSERT INTO "django_admin_log" VALUES(85,'2020-11-06 13:13:32.027381','12','testuser','',4,1,3);
INSERT INTO "django_admin_log" VALUES(86,'2020-11-06 13:13:40.869433','18','testuser2','',4,1,3);
INSERT INTO "django_admin_log" VALUES(87,'2020-11-07 13:07:49.466785','6','Lol Tiny Mce, by: Rahul','[{"added": {}}]',8,1,1);
INSERT INTO "django_admin_log" VALUES(88,'2020-11-07 13:21:16.634295','6','Lol Tiny Mce, by: Rahul','[{"changed": {"fields": ["Slug"]}}]',8,1,2);
INSERT INTO "django_admin_log" VALUES(89,'2020-11-07 13:22:26.331570','6','Lol Tiny Mce, by: Rahul','[{"changed": {"fields": ["Slug"]}}]',8,1,2);
INSERT INTO "django_admin_log" VALUES(90,'2020-11-07 13:22:32.921798','6','Lol Tiny Mce, by: Rahul','[{"changed": {"fields": ["Slug"]}}]',8,1,2);
INSERT INTO "django_admin_log" VALUES(91,'2020-11-19 14:10:35.775265','6','Lol Tiny Mce, by: Rahul','[{"changed": {"fields": ["Content"]}}]',8,1,2);
CREATE UNIQUE INDEX "auth_group_permissions_group_id_permission_id_0cd325b0_uniq" ON "auth_group_permissions" ("group_id", "permission_id");
CREATE INDEX IF NOT EXISTS "auth_group_permissions_group_id_b120cbf9" ON "auth_group_permissions" ("group_id");
CREATE INDEX IF NOT EXISTS "auth_group_permissions_permission_id_84c5c92e" ON "auth_group_permissions" ("permission_id");
CREATE UNIQUE INDEX "auth_user_groups_user_id_group_id_94350c0c_uniq" ON "auth_user_groups" ("user_id", "group_id");
CREATE INDEX IF NOT EXISTS "auth_user_groups_user_id_6a12ed8b" ON "auth_user_groups" ("user_id");
CREATE INDEX IF NOT EXISTS "auth_user_groups_group_id_97559544" ON "auth_user_groups" ("group_id");
CREATE UNIQUE INDEX "auth_user_user_permissions_user_id_permission_id_14a6b632_uniq" ON "auth_user_user_permissions" ("user_id", "permission_id");
CREATE INDEX IF NOT EXISTS "auth_user_user_permissions_user_id_a95ead1b" ON "auth_user_user_permissions" ("user_id");
CREATE INDEX IF NOT EXISTS "auth_user_user_permissions_permission_id_1fbb5f2c" ON "auth_user_user_permissions" ("permission_id");
CREATE INDEX IF NOT EXISTS "django_admin_log_content_type_id_c4bce8eb" ON "django_admin_log" ("content_type_id");
CREATE INDEX IF NOT EXISTS "django_admin_log_user_id_c564eba6" ON "django_admin_log" ("user_id");
CREATE UNIQUE INDEX "django_content_type_app_label_model_76bd3d3b_uniq" ON "django_content_type" ("app_label", "model");
CREATE UNIQUE INDEX "auth_permission_content_type_id_codename_01ab375a_uniq" ON "auth_permission" ("content_type_id", "codename");
CREATE INDEX IF NOT EXISTS "auth_permission_content_type_id_2f476e4b" ON "auth_permission" ("content_type_id");
CREATE INDEX IF NOT EXISTS "django_session_expire_date_a5c62663" ON "django_session" ("expire_date");
CREATE INDEX IF NOT EXISTS "blog_blogcomment_parent_id_df1e1d2a" ON "blog_blogcomment" ("parent_id");
CREATE INDEX IF NOT EXISTS "blog_blogcomment_post_id_f2a3e760" ON "blog_blogcomment" ("post_id");
CREATE INDEX IF NOT EXISTS "blog_blogcomment_user_id_dc3b3111" ON "blog_blogcomment" ("user_id");
CREATE UNIQUE INDEX "profiles_profile_friends_profile_id_user_id_b04f5799_uniq" ON "profiles_profile_friends" ("profile_id", "user_id");
CREATE INDEX IF NOT EXISTS "profiles_profile_friends_profile_id_1b1360a5" ON "profiles_profile_friends" ("profile_id");
CREATE INDEX IF NOT EXISTS "profiles_profile_friends_user_id_36beac75" ON "profiles_profile_friends" ("user_id");
CREATE TABLE IF NOT EXISTS "django_content_type" ("id" integer NOT NULL PRIMARY KEY AUTOINCREMENT, "app_label" varchar(100) NOT NULL, "model" varchar(100) NOT NULL);
INSERT INTO "django_content_type" VALUES(1,'admin','logentry');
INSERT INTO "django_content_type" VALUES(2,'auth','permission');
INSERT INTO "django_content_type" VALUES(3,'auth','group');
INSERT INTO "django_content_type" VALUES(4,'auth','user');
INSERT INTO "django_content_type" VALUES(5,'contenttypes','contenttype');
INSERT INTO "django_content_type" VALUES(6,'sessions','session');
INSERT INTO "django_content_type" VALUES(7,'home','contact');
INSERT INTO "django_content_type" VALUES(8,'blog','post');
INSERT INTO "django_content_type" VALUES(9,'blog','blogcomment');
INSERT INTO "django_content_type" VALUES(10,'profiles','profile');
INSERT INTO "django_content_type" VALUES(11,'home','profile');
INSERT INTO "django_content_type" VALUES(12,'sites','site');
INSERT INTO "django_content_type" VALUES(13,'home','movieview');
CREATE UNIQUE INDEX "auth_group_permissions_group_id_permission_id_0cd325b0_uniq" ON "auth_group_permissions" ("group_id", "permission_id");
CREATE INDEX IF NOT EXISTS "auth_group_permissions_group_id_b120cbf9" ON "auth_group_permissions" ("group_id");
CREATE INDEX IF NOT EXISTS "auth_group_permissions_permission_id_84c5c92e" ON "auth_group_permissions" ("permission_id");
CREATE UNIQUE INDEX "auth_user_groups_user_id_group_id_94350c0c_uniq" ON "auth_user_groups" ("user_id", "group_id");
CREATE INDEX IF NOT EXISTS "auth_user_groups_user_id_6a12ed8b" ON "auth_user_groups" ("user_id");
CREATE INDEX IF NOT EXISTS "auth_user_groups_group_id_97559544" ON "auth_user_groups" ("group_id");
CREATE UNIQUE INDEX "auth_user_user_permissions_user_id_permission_id_14a6b632_uniq" ON "auth_user_user_permissions" ("user_id", "permission_id");
CREATE INDEX IF NOT EXISTS "auth_user_user_permissions_user_id_a95ead1b" ON "auth_user_user_permissions" ("user_id");
CREATE INDEX IF NOT EXISTS "auth_user_user_permissions_permission_id_1fbb5f2c" ON "auth_user_user_permissions" ("permission_id");
CREATE INDEX IF NOT EXISTS "django_admin_log_content_type_id_c4bce8eb" ON "django_admin_log" ("content_type_id");
CREATE INDEX IF NOT EXISTS "django_admin_log_user_id_c564eba6" ON "django_admin_log" ("user_id");
CREATE UNIQUE INDEX "django_content_type_app_label_model_76bd3d3b_uniq" ON "django_content_type" ("app_label", "model");
CREATE UNIQUE INDEX "auth_permission_content_type_id_codename_01ab375a_uniq" ON "auth_permission" ("content_type_id", "codename");
CREATE INDEX IF NOT EXISTS "auth_permission_content_type_id_2f476e4b" ON "auth_permission" ("content_type_id");
CREATE INDEX IF NOT EXISTS "django_session_expire_date_a5c62663" ON "django_session" ("expire_date");
CREATE INDEX IF NOT EXISTS "blog_blogcomment_parent_id_df1e1d2a" ON "blog_blogcomment" ("parent_id");
CREATE INDEX IF NOT EXISTS "blog_blogcomment_post_id_f2a3e760" ON "blog_blogcomment" ("post_id");
CREATE INDEX IF NOT EXISTS "blog_blogcomment_user_id_dc3b3111" ON "blog_blogcomment" ("user_id");
CREATE UNIQUE INDEX "profiles_profile_friends_profile_id_user_id_b04f5799_uniq" ON "profiles_profile_friends" ("profile_id", "user_id");
CREATE INDEX IF NOT EXISTS "profiles_profile_friends_profile_id_1b1360a5" ON "profiles_profile_friends" ("profile_id");
CREATE INDEX IF NOT EXISTS "profiles_profile_friends_user_id_36beac75" ON "profiles_profile_friends" ("user_id");
CREATE TABLE IF NOT EXISTS "django_migrations" ("id" integer NOT NULL PRIMARY KEY AUTOINCREMENT, "app" varchar(255) NOT NULL, "name" varchar(255) NOT NULL, "applied" datetime NOT NULL);
INSERT INTO "django_migrations" VALUES(1,'contenttypes','0001_initial','2020-08-09 04:47:18.825421');
INSERT INTO "django_migrations" VALUES(2,'auth','0001_initial','2020-08-09 04:47:19.006208');
INSERT INTO "django_migrations" VALUES(3,'admin','0001_initial','2020-08-09 04:47:19.227127');
INSERT INTO "django_migrations" VALUES(4,'admin','0002_logentry_remove_auto_add','2020-08-09 04:47:19.417039');
INSERT INTO "django_migrations" VALUES(5,'admin','0003_logentry_add_action_flag_choices','2020-08-09 04:47:19.663326');
INSERT INTO "django_migrations" VALUES(6,'contenttypes','0002_remove_content_type_name','2020-08-09 04:47:19.838127');
INSERT INTO "django_migrations" VALUES(7,'auth','0002_alter_permission_name_max_length','2020-08-09 04:47:20.055824');
INSERT INTO "django_migrations" VALUES(8,'auth','0003_alter_user_email_max_length','2020-08-09 04:47:20.288690');
INSERT INTO "django_migrations" VALUES(9,'auth','0004_alter_user_username_opts','2020-08-09 04:47:20.479583');
INSERT INTO "django_migrations" VALUES(10,'auth','0005_alter_user_last_login_null','2020-08-09 04:47:20.649486');
INSERT INTO "django_migrations" VALUES(11,'auth','0006_require_contenttypes_0002','2020-08-09 04:47:20.836398');
INSERT INTO "django_migrations" VALUES(12,'auth','0007_alter_validators_add_error_messages','2020-08-09 04:47:21.006283');
INSERT INTO "django_migrations" VALUES(13,'auth','0008_alter_user_username_max_length','2020-08-09 04:47:21.184178');
INSERT INTO "django_migrations" VALUES(14,'auth','0009_alter_user_last_name_max_length','2020-08-09 04:47:21.341089');
INSERT INTO "django_migrations" VALUES(15,'auth','0010_alter_group_name_max_length','2020-08-09 04:47:21.539975');
INSERT INTO "django_migrations" VALUES(16,'auth','0011_update_proxy_permissions','2020-08-09 04:47:21.772841');
INSERT INTO "django_migrations" VALUES(17,'auth','0012_alter_user_first_name_max_length','2020-08-09 04:47:21.962735');
INSERT INTO "django_migrations" VALUES(18,'sessions','0001_initial','2020-08-09 04:47:22.136636');
INSERT INTO "django_migrations" VALUES(19,'home','0001_initial','2020-08-09 07:50:10.290132');
INSERT INTO "django_migrations" VALUES(20,'home','0002_contact_timestamp','2020-08-09 07:53:04.082571');
INSERT INTO "django_migrations" VALUES(21,'blog','0001_initial','2020-08-11 05:59:20.240235');
INSERT INTO "django_migrations" VALUES(22,'blog','0002_post_slug','2020-08-11 10:00:14.104584');
INSERT INTO "django_migrations" VALUES(23,'blog','0003_auto_20200811_1539','2020-08-11 10:09:32.889312');
INSERT INTO "django_migrations" VALUES(24,'blog','0004_blogcomment','2020-08-14 07:09:10.556957');
INSERT INTO "django_migrations" VALUES(25,'blog','0005_post_views','2020-08-15 16:35:23.321396');
INSERT INTO "django_migrations" VALUES(26,'profiles','0001_initial','2020-08-29 12:14:03.970299');
INSERT INTO "django_migrations" VALUES(27,'home','0003_profile','2020-08-29 12:43:25.140078');
INSERT INTO "django_migrations" VALUES(28,'home','0004_auto_20200829_1244','2020-08-29 12:45:00.596870');
INSERT INTO "django_migrations" VALUES(29,'home','0005_auto_20200829_1647','2020-08-29 16:47:35.283060');
INSERT INTO "django_migrations" VALUES(30,'sites','0001_initial','2020-08-31 12:13:37.727365');
INSERT INTO "django_migrations" VALUES(31,'sites','0002_alter_domain_unique','2020-08-31 12:13:37.896321');
INSERT INTO "django_migrations" VALUES(32,'home','0006_movieview','2020-08-31 14:13:15.391041');
INSERT INTO "django_migrations" VALUES(33,'home','0007_delete_movieview','2020-11-06 13:06:06.323681');
INSERT INTO "django_migrations" VALUES(34,'blog','0002_remove_post_image','2020-11-06 13:12:40.100497');
CREATE UNIQUE INDEX "auth_group_permissions_group_id_permission_id_0cd325b0_uniq" ON "auth_group_permissions" ("group_id", "permission_id");
CREATE INDEX IF NOT EXISTS "auth_group_permissions_group_id_b120cbf9" ON "auth_group_permissions" ("group_id");
CREATE INDEX IF NOT EXISTS "auth_group_permissions_permission_id_84c5c92e" ON "auth_group_permissions" ("permission_id");
CREATE UNIQUE INDEX "auth_user_groups_user_id_group_id_94350c0c_uniq" ON "auth_user_groups" ("user_id", "group_id");
CREATE INDEX IF NOT EXISTS "auth_user_groups_user_id_6a12ed8b" ON "auth_user_groups" ("user_id");
CREATE INDEX IF NOT EXISTS "auth_user_groups_group_id_97559544" ON "auth_user_groups" ("group_id");
CREATE UNIQUE INDEX "auth_user_user_permissions_user_id_permission_id_14a6b632_uniq" ON "auth_user_user_permissions" ("user_id", "permission_id");
CREATE INDEX IF NOT EXISTS "auth_user_user_permissions_user_id_a95ead1b" ON "auth_user_user_permissions" ("user_id");
CREATE INDEX IF NOT EXISTS "auth_user_user_permissions_permission_id_1fbb5f2c" ON "auth_user_user_permissions" ("permission_id");
CREATE INDEX IF NOT EXISTS "django_admin_log_content_type_id_c4bce8eb" ON "django_admin_log" ("content_type_id");
CREATE INDEX IF NOT EXISTS "django_admin_log_user_id_c564eba6" ON "django_admin_log" ("user_id");
CREATE UNIQUE INDEX "django_content_type_app_label_model_76bd3d3b_uniq" ON "django_content_type" ("app_label", "model");
CREATE UNIQUE INDEX "auth_permission_content_type_id_codename_01ab375a_uniq" ON "auth_permission" ("content_type_id", "codename");
CREATE INDEX IF NOT EXISTS "auth_permission_content_type_id_2f476e4b" ON "auth_permission" ("content_type_id");
CREATE INDEX IF NOT EXISTS "django_session_expire_date_a5c62663" ON "django_session" ("expire_date");
CREATE INDEX IF NOT EXISTS "blog_blogcomment_parent_id_df1e1d2a" ON "blog_blogcomment" ("parent_id");
CREATE INDEX IF NOT EXISTS "blog_blogcomment_post_id_f2a3e760" ON "blog_blogcomment" ("post_id");
CREATE INDEX IF NOT EXISTS "blog_blogcomment_user_id_dc3b3111" ON "blog_blogcomment" ("user_id");
CREATE UNIQUE INDEX "profiles_profile_friends_profile_id_user_id_b04f5799_uniq" ON "profiles_profile_friends" ("profile_id", "user_id");
CREATE INDEX IF NOT EXISTS "profiles_profile_friends_profile_id_1b1360a5" ON "profiles_profile_friends" ("profile_id");
CREATE INDEX IF NOT EXISTS "profiles_profile_friends_user_id_36beac75" ON "profiles_profile_friends" ("user_id");
CREATE TABLE IF NOT EXISTS "django_session" ("session_key" varchar(40) NOT NULL PRIMARY KEY, "session_data" text NOT NULL, "expire_date" datetime NOT NULL);
INSERT INTO "django_session" VALUES('11u0urhitjs07blqj7xu8g6xvt9v1zjh','.eJxVjDEOwjAMRe-SGUWQgO0wsnOGyE4cUkCp1LQT4u5QqQOs_733XybyMte4dJ3ikM3ZHMzudxNOD20ryHdut9Gmsc3TIHZV7Ea7vY5Zn5fN_Tuo3Ou3FlbAIOJEs4IvFCQAoidPmFxGlOJ90QRwSgFYBVn0uCch9kCOzPsDB_Y4jA:1k7Bmx:UQ7HlrJN024vzA7W48zAU-G9-9Bu1uJ84eTqNkuFGGw','2020-08-30 11:35:03.508063');
INSERT INTO "django_session" VALUES('r04a39vygo896fdo3ects2vmqierl42s','.eJxVjDEOwjAMRe-SGUWQgO0wsnOGyE4cUkCp1LQT4u5QqQOs_733XybyMte4dJ3ikM3ZHMzudxNOD20ryHdut9Gmsc3TIHZV7Ea7vY5Zn5fN_Tuo3Ou3FlbAIOJEs4IvFCQAoidPmFxGlOJ90QRwSgFYBVn0uCch9kCOzPsDB_Y4jA:1k8HTO:8vjRpWSxUZcxJMQW85gZ3Q4pbpyUQRm3UAjMj8vM5RI','2020-09-02 11:51:22.709020');
INSERT INTO "django_session" VALUES('9a6zm56okcgbmf0ycyepcnouis1sutt7','.eJxVjMsOwiAQRf-FtSHADC-X7v0GAgxI1dCktCvjv2uTLnR7zzn3xULc1ha2UZYwETszYKffLcX8KH0HdI_9NvM893WZEt8VftDBrzOV5-Vw_w5aHO1bZ5vAeV9rMSQhygQowBqBjozRVHSWXlIGEsIZJa2HbDBVVVGhRiT2_gDUKzcZ:1k91Ll:G4Ixa0kehB9VkzltKY0YD_lpe0_Jq4W1TnsYZvoSjGk','2020-09-04 12:50:33.238132');
INSERT INTO "django_session" VALUES('4chpnsjvjyslzzm3x8we1mx65hdp0w6h','.eJxVjDEOwjAMRe-SGUWQgO0wsnOGyE4cUkCp1LQT4u5QqQOs_733XybyMte4dJ3ikM3ZHMzudxNOD20ryHdut9Gmsc3TIHZV7Ea7vY5Zn5fN_Tuo3Ou3FlbAIOJEs4IvFCQAoidPmFxGlOJ90QRwSgFYBVn0uCch9kCOzPsDB_Y4jA:1kCzc4:GfODlpfe1key83SszGCpKqu_GiUpPqLWhGgZrH47o0M','2020-09-15 11:47:48.279418');
INSERT INTO "django_session" VALUES('ji7j7ct55d448ye1zzyjviqekw9hmpwb','.eJxVjDEOwjAMRe-SGUWQgO0wsnOGyE4cUkCp1LQT4u5QqQOs_733XybyMte4dJ3ikM3ZHMzudxNOD20ryHdut9Gmsc3TIHZV7Ea7vY5Zn5fN_Tuo3Ou3FlbAIOJEs4IvFCQAoidPmFxGlOJ90QRwSgFYBVn0uCch9kCOzPsDB_Y4jA:1kD29z:9Us_8fFG3UMj7Q9dDMFwkKIWR33-uHHbJfSvV7HGQ0A','2020-09-15 14:30:59.206779');
INSERT INTO "django_session" VALUES('rhw5ao8ebylxbnsctspxwrb1kwos7sof','.eJxVjDEOwjAMRe-SGUWQgO0wsnOGyE4cUkCp1LQT4u5QqQOs_733XybyMte4dJ3ikM3ZHMzudxNOD20ryHdut9Gmsc3TIHZV7Ea7vY5Zn5fN_Tuo3Ou3FlbAIOJEs4IvFCQAoidPmFxGlOJ90QRwSgFYBVn0uCch9kCOzPsDB_Y4jA:1kGe7B:jzL4bvzqfsmMjotvnEay0TmXAUGEU3RsImRrgLBb6Xo','2020-09-25 13:39:01.998326');
INSERT INTO "django_session" VALUES('51ttvplm5tvvfw6ak7b0r6bjt0h6h55y','eyJfbGFuZ3VhZ2UiOnt9fQ:1kH24Z:uvkJBDk-FkPeZ1CU0mJ0q10DrK0QeVV5Ah5aXfn1DLs','2020-09-26 15:13:55.048887');
INSERT INTO "django_session" VALUES('vm6uzdk9x8e5ub9izyspnsndtpjilibb','.eJxVjDEOgzAQBP9ydWQdtpExZfq8wTqfz0CCQMJQIf4ekGhod2Z2hzDS1G3UCbT78YJA29qHrcgShgQtVPDYIvFPpguk79nNiudpXYaoLkXdtKjPnGR83-7joKfSn7Wk7GJqMKO2zhGh1tKgy8jCtbe5ihVbNsYwizVkyXD2WOss0Rv0CY4_roE9xA:1kKGJj:xPCsY5jODW35PR6hGcXvURbdvxDsruWBkLHhEQ2y1vo','2020-10-05 13:02:55.470888');
INSERT INTO "django_session" VALUES('yi4k0zy52ti8y8u9duvhccv05rxubu6m','eyJfbGFuZ3VhZ2UiOnt9fQ:1kKHln:TzbzP714wmwBBmitQbi1uYP1BzXf5zE3xwb15eCh8q8','2020-10-05 14:35:59.673826');
INSERT INTO "django_session" VALUES('5s9xktp0jxylgm47o14u4x6501ijd9be','eyJfbGFuZ3VhZ2UiOnt9fQ:1kKHtw:lZCno5-49tJbmdAn9YZgob1FFLKwmQ1_TcCyYik_pKg','2020-10-05 14:44:24.332468');
INSERT INTO "django_session" VALUES('bcdmuwz8ewdecu79trc8dz8t45lq5rbd','eyJfbGFuZ3VhZ2UiOnt9fQ:1kNWfW:ggjG4fWsqxlvRfRgoMLlRf_ymcSciWM6-CMEbbTW6zc','2020-10-14 13:06:54.081078');
INSERT INTO "django_session" VALUES('y1n79ty3fd0pavzd7cz447qgjs0b8xuy','.eJxVjDsOgzAQBe-ydWQZs9iYMn3OYNneXSBBIPGpEHcPSDS0b2beDmGIY7vFlqHZjxeEuK1d2BaeQ0_QQAGPLcX84_EC9D27SeVpXOc-qUtRN13UZyIe3rf7OOji0p01a52MQXROO1eLsSRsC4nihcvaoLiqppgQjfZeLJW-wpxK1pS9Q2vh-AOG_DzV:1kNXpQ:0I2Gp7z3l1Oghcv9RyuHA2D_xzNGkkyV1TUM__GU-XE','2020-10-14 14:21:12.740625');
INSERT INTO "django_session" VALUES('5xrcjl8fbwn5d7uy47358micv3g8yc6b','eyJfbGFuZ3VhZ2UiOnt9fQ:1kRV0R:XJZsMgWigEBJ5R4m7qpMqoekvh8M1zUZkL4ejm6ekm4','2020-10-25 12:08:55.050648');
INSERT INTO "django_session" VALUES('pn08yz672rcj713oh3jdlq7d9g5j1b7a','eyJfbGFuZ3VhZ2UiOnt9fQ:1kSyI9:S_NKCzMDqWzKRCacnBLBNTKqL6iFPS0pGgAXSI6z_3k','2020-10-29 13:37:17.592474');
INSERT INTO "django_session" VALUES('bw8ikehgp4zwhrm466hoxvmdge9izpd8','eyJfbGFuZ3VhZ2UiOnt9fQ:1kZ6Qk:f4RXYmx3ugw1cd_ruGxe1lzJPZBtypoPQCMilUqOkNU','2020-11-15 11:31:30.422212');
INSERT INTO "django_session" VALUES('mbinhuiwmgqx4ymsyro808r2fuh3ga56','.eJxVjjEOgzAQBP_iOrKMOWxMmT5vQGffHZAgkDBUiL8HJIqk3dkd7a5a3Na-3TIv7UCqUYV6_GYR04enC9Abp27WaZ7WZYj6quibZv2aicfn3f0T9Jj7c83GRGsBvDfe12IdCbtCUIJwWVsQX9WEEcCaEMRRGSpIsWRDKXhw7pKO54ENO1bNfhxfPJc81Q:1kiVbG:9BeccQ3guTvzsblisZz1GeHX8mT-xWtP8hKS0wP3fFE','2020-12-11 10:13:14.911597');
CREATE UNIQUE INDEX "auth_group_permissions_group_id_permission_id_0cd325b0_uniq" ON "auth_group_permissions" ("group_id", "permission_id");
CREATE INDEX IF NOT EXISTS "auth_group_permissions_group_id_b120cbf9" ON "auth_group_permissions" ("group_id");
CREATE INDEX IF NOT EXISTS "auth_group_permissions_permission_id_84c5c92e" ON "auth_group_permissions" ("permission_id");
CREATE UNIQUE INDEX "auth_user_groups_user_id_group_id_94350c0c_uniq" ON "auth_user_groups" ("user_id", "group_id");
CREATE INDEX IF NOT EXISTS "auth_user_groups_user_id_6a12ed8b" ON "auth_user_groups" ("user_id");
CREATE INDEX IF NOT EXISTS "auth_user_groups_group_id_97559544" ON "auth_user_groups" ("group_id");
CREATE UNIQUE INDEX "auth_user_user_permissions_user_id_permission_id_14a6b632_uniq" ON "auth_user_user_permissions" ("user_id", "permission_id");
CREATE INDEX IF NOT EXISTS "auth_user_user_permissions_user_id_a95ead1b" ON "auth_user_user_permissions" ("user_id");
CREATE INDEX IF NOT EXISTS "auth_user_user_permissions_permission_id_1fbb5f2c" ON "auth_user_user_permissions" ("permission_id");
CREATE INDEX IF NOT EXISTS "django_admin_log_content_type_id_c4bce8eb" ON "django_admin_log" ("content_type_id");
CREATE INDEX IF NOT EXISTS "django_admin_log_user_id_c564eba6" ON "django_admin_log" ("user_id");
CREATE UNIQUE INDEX "django_content_type_app_label_model_76bd3d3b_uniq" ON "django_content_type" ("app_label", "model");
CREATE UNIQUE INDEX "auth_permission_content_type_id_codename_01ab375a_uniq" ON "auth_permission" ("content_type_id", "codename");
CREATE INDEX IF NOT EXISTS "auth_permission_content_type_id_2f476e4b" ON "auth_permission" ("content_type_id");
CREATE INDEX IF NOT EXISTS "django_session_expire_date_a5c62663" ON "django_session" ("expire_date");
CREATE INDEX IF NOT EXISTS "blog_blogcomment_parent_id_df1e1d2a" ON "blog_blogcomment" ("parent_id");
CREATE INDEX IF NOT EXISTS "blog_blogcomment_post_id_f2a3e760" ON "blog_blogcomment" ("post_id");
CREATE INDEX IF NOT EXISTS "blog_blogcomment_user_id_dc3b3111" ON "blog_blogcomment" ("user_id");
CREATE UNIQUE INDEX "profiles_profile_friends_profile_id_user_id_b04f5799_uniq" ON "profiles_profile_friends" ("profile_id", "user_id");
CREATE INDEX IF NOT EXISTS "profiles_profile_friends_profile_id_1b1360a5" ON "profiles_profile_friends" ("profile_id");
CREATE INDEX IF NOT EXISTS "profiles_profile_friends_user_id_36beac75" ON "profiles_profile_friends" ("user_id");
CREATE TABLE IF NOT EXISTS "django_site" ("id" integer NOT NULL PRIMARY KEY AUTOINCREMENT, "name" varchar(50) NOT NULL, "domain" varchar(100) NOT NULL UNIQUE);
INSERT INTO "django_site" VALUES(1,'example.com','example.com');
CREATE UNIQUE INDEX "auth_group_permissions_group_id_permission_id_0cd325b0_uniq" ON "auth_group_permissions" ("group_id", "permission_id");
CREATE INDEX IF NOT EXISTS "auth_group_permissions_group_id_b120cbf9" ON "auth_group_permissions" ("group_id");
CREATE INDEX IF NOT EXISTS "auth_group_permissions_permission_id_84c5c92e" ON "auth_group_permissions" ("permission_id");
CREATE UNIQUE INDEX "auth_user_groups_user_id_group_id_94350c0c_uniq" ON "auth_user_groups" ("user_id", "group_id");
CREATE INDEX IF NOT EXISTS "auth_user_groups_user_id_6a12ed8b" ON "auth_user_groups" ("user_id");
CREATE INDEX IF NOT EXISTS "auth_user_groups_group_id_97559544" ON "auth_user_groups" ("group_id");
CREATE UNIQUE INDEX "auth_user_user_permissions_user_id_permission_id_14a6b632_uniq" ON "auth_user_user_permissions" ("user_id", "permission_id");
CREATE INDEX IF NOT EXISTS "auth_user_user_permissions_user_id_a95ead1b" ON "auth_user_user_permissions" ("user_id");
CREATE INDEX IF NOT EXISTS "auth_user_user_permissions_permission_id_1fbb5f2c" ON "auth_user_user_permissions" ("permission_id");
CREATE INDEX IF NOT EXISTS "django_admin_log_content_type_id_c4bce8eb" ON "django_admin_log" ("content_type_id");
CREATE INDEX IF NOT EXISTS "django_admin_log_user_id_c564eba6" ON "django_admin_log" ("user_id");
CREATE UNIQUE INDEX "django_content_type_app_label_model_76bd3d3b_uniq" ON "django_content_type" ("app_label", "model");
CREATE UNIQUE INDEX "auth_permission_content_type_id_codename_01ab375a_uniq" ON "auth_permission" ("content_type_id", "codename");
CREATE INDEX IF NOT EXISTS "auth_permission_content_type_id_2f476e4b" ON "auth_permission" ("content_type_id");
CREATE INDEX IF NOT EXISTS "django_session_expire_date_a5c62663" ON "django_session" ("expire_date");
CREATE INDEX IF NOT EXISTS "blog_blogcomment_parent_id_df1e1d2a" ON "blog_blogcomment" ("parent_id");
CREATE INDEX IF NOT EXISTS "blog_blogcomment_post_id_f2a3e760" ON "blog_blogcomment" ("post_id");
CREATE INDEX IF NOT EXISTS "blog_blogcomment_user_id_dc3b3111" ON "blog_blogcomment" ("user_id");
CREATE UNIQUE INDEX "profiles_profile_friends_profile_id_user_id_b04f5799_uniq" ON "profiles_profile_friends" ("profile_id", "user_id");
CREATE INDEX IF NOT EXISTS "profiles_profile_friends_profile_id_1b1360a5" ON "profiles_profile_friends" ("profile_id");
CREATE INDEX IF NOT EXISTS "profiles_profile_friends_user_id_36beac75" ON "profiles_profile_friends" ("user_id");
CREATE TABLE IF NOT EXISTS "home_contact" ("sno" integer NOT NULL PRIMARY KEY AUTOINCREMENT, "name" varchar(255) NOT NULL, "phone" varchar(13) NOT NULL, "email" varchar(75) NOT NULL, "content" text NOT NULL, "timeStamp" datetime NOT NULL);
INSERT INTO "home_contact" VALUES(1,'Rahul kumar gupta','09864513246','rahulshivan05@gmail.com','thanks?.','2020-08-09 08:09:49.224479');
INSERT INTO "home_contact" VALUES(2,'Rohit kumar gupta','09864513246','rohitgupta8799@gmail.com','this is Amazing Website!.','2020-08-09 09:30:29.385764');
INSERT INTO "home_contact" VALUES(3,'Ravi','9643168796','bpreak@gmail.com','Thanks!.','2020-08-09 09:33:39.469507');
CREATE UNIQUE INDEX "auth_group_permissions_group_id_permission_id_0cd325b0_uniq" ON "auth_group_permissions" ("group_id", "permission_id");
CREATE INDEX IF NOT EXISTS "auth_group_permissions_group_id_b120cbf9" ON "auth_group_permissions" ("group_id");
CREATE INDEX IF NOT EXISTS "auth_group_permissions_permission_id_84c5c92e" ON "auth_group_permissions" ("permission_id");
CREATE UNIQUE INDEX "auth_user_groups_user_id_group_id_94350c0c_uniq" ON "auth_user_groups" ("user_id", "group_id");
CREATE INDEX IF NOT EXISTS "auth_user_groups_user_id_6a12ed8b" ON "auth_user_groups" ("user_id");
CREATE INDEX IF NOT EXISTS "auth_user_groups_group_id_97559544" ON "auth_user_groups" ("group_id");
CREATE UNIQUE INDEX "auth_user_user_permissions_user_id_permission_id_14a6b632_uniq" ON "auth_user_user_permissions" ("user_id", "permission_id");
CREATE INDEX IF NOT EXISTS "auth_user_user_permissions_user_id_a95ead1b" ON "auth_user_user_permissions" ("user_id");
CREATE INDEX IF NOT EXISTS "auth_user_user_permissions_permission_id_1fbb5f2c" ON "auth_user_user_permissions" ("permission_id");
CREATE INDEX IF NOT EXISTS "django_admin_log_content_type_id_c4bce8eb" ON "django_admin_log" ("content_type_id");
CREATE INDEX IF NOT EXISTS "django_admin_log_user_id_c564eba6" ON "django_admin_log" ("user_id");
CREATE UNIQUE INDEX "django_content_type_app_label_model_76bd3d3b_uniq" ON "django_content_type" ("app_label", "model");
CREATE UNIQUE INDEX "auth_permission_content_type_id_codename_01ab375a_uniq" ON "auth_permission" ("content_type_id", "codename");
CREATE INDEX IF NOT EXISTS "auth_permission_content_type_id_2f476e4b" ON "auth_permission" ("content_type_id");
CREATE INDEX IF NOT EXISTS "django_session_expire_date_a5c62663" ON "django_session" ("expire_date");
CREATE INDEX IF NOT EXISTS "blog_blogcomment_parent_id_df1e1d2a" ON "blog_blogcomment" ("parent_id");
CREATE INDEX IF NOT EXISTS "blog_blogcomment_post_id_f2a3e760" ON "blog_blogcomment" ("post_id");
CREATE INDEX IF NOT EXISTS "blog_blogcomment_user_id_dc3b3111" ON "blog_blogcomment" ("user_id");
CREATE UNIQUE INDEX "profiles_profile_friends_profile_id_user_id_b04f5799_uniq" ON "profiles_profile_friends" ("profile_id", "user_id");
CREATE INDEX IF NOT EXISTS "profiles_profile_friends_profile_id_1b1360a5" ON "profiles_profile_friends" ("profile_id");
CREATE INDEX IF NOT EXISTS "profiles_profile_friends_user_id_36beac75" ON "profiles_profile_friends" ("user_id");
CREATE TABLE IF NOT EXISTS "home_profile" ("id" integer NOT NULL PRIMARY KEY AUTOINCREMENT, "first_name" varchar(200) NOT NULL, "user" varchar(100) NOT NULL, "bio" text NOT NULL, "email" varchar(200) NOT NULL, "image" varchar(100) NOT NULL, "updated" datetime NOT NULL, "created" datetime NOT NULL, "last_name" varchar(200) NOT NULL);
INSERT INTO "home_profile" VALUES(1,'Rahul','','my name is Admin.','','img/avatar.png','2020-08-29 13:23:33.468405','2020-08-29 12:45:28.828957','Kumar');
CREATE UNIQUE INDEX "auth_group_permissions_group_id_permission_id_0cd325b0_uniq" ON "auth_group_permissions" ("group_id", "permission_id");
CREATE INDEX IF NOT EXISTS "auth_group_permissions_group_id_b120cbf9" ON "auth_group_permissions" ("group_id");
CREATE INDEX IF NOT EXISTS "auth_group_permissions_permission_id_84c5c92e" ON "auth_group_permissions" ("permission_id");
CREATE UNIQUE INDEX "auth_user_groups_user_id_group_id_94350c0c_uniq" ON "auth_user_groups" ("user_id", "group_id");
CREATE INDEX IF NOT EXISTS "auth_user_groups_user_id_6a12ed8b" ON "auth_user_groups" ("user_id");
CREATE INDEX IF NOT EXISTS "auth_user_groups_group_id_97559544" ON "auth_user_groups" ("group_id");
CREATE UNIQUE INDEX "auth_user_user_permissions_user_id_permission_id_14a6b632_uniq" ON "auth_user_user_permissions" ("user_id", "permission_id");
CREATE INDEX IF NOT EXISTS "auth_user_user_permissions_user_id_a95ead1b" ON "auth_user_user_permissions" ("user_id");
CREATE INDEX IF NOT EXISTS "auth_user_user_permissions_permission_id_1fbb5f2c" ON "auth_user_user_permissions" ("permission_id");
CREATE INDEX IF NOT EXISTS "django_admin_log_content_type_id_c4bce8eb" ON "django_admin_log" ("content_type_id");
CREATE INDEX IF NOT EXISTS "django_admin_log_user_id_c564eba6" ON "django_admin_log" ("user_id");
CREATE UNIQUE INDEX "django_content_type_app_label_model_76bd3d3b_uniq" ON "django_content_type" ("app_label", "model");
CREATE UNIQUE INDEX "auth_permission_content_type_id_codename_01ab375a_uniq" ON "auth_permission" ("content_type_id", "codename");
CREATE INDEX IF NOT EXISTS "auth_permission_content_type_id_2f476e4b" ON "auth_permission" ("content_type_id");
CREATE INDEX IF NOT EXISTS "django_session_expire_date_a5c62663" ON "django_session" ("expire_date");
CREATE INDEX IF NOT EXISTS "blog_blogcomment_parent_id_df1e1d2a" ON "blog_blogcomment" ("parent_id");
CREATE INDEX IF NOT EXISTS "blog_blogcomment_post_id_f2a3e760" ON "blog_blogcomment" ("post_id");
CREATE INDEX IF NOT EXISTS "blog_blogcomment_user_id_dc3b3111" ON "blog_blogcomment" ("user_id");
CREATE UNIQUE INDEX "profiles_profile_friends_profile_id_user_id_b04f5799_uniq" ON "profiles_profile_friends" ("profile_id", "user_id");
CREATE INDEX IF NOT EXISTS "profiles_profile_friends_profile_id_1b1360a5" ON "profiles_profile_friends" ("profile_id");
CREATE INDEX IF NOT EXISTS "profiles_profile_friends_user_id_36beac75" ON "profiles_profile_friends" ("user_id");
CREATE TABLE IF NOT EXISTS "profiles_profile" ("id" integer NOT NULL PRIMARY KEY AUTOINCREMENT, "first_name" varchar(200) NOT NULL, "last_name" varchar(200) NOT NULL, "bio" text NOT NULL, "email" varchar(200) NOT NULL, "country" varchar(200) NOT NULL, "image" varchar(100) NOT NULL, "updated" datetime NOT NULL, "created" datetime NOT NULL, "user_id" integer NOT NULL UNIQUE REFERENCES "auth_user" ("id") DEFERRABLE INITIALLY DEFERRED);
INSERT INTO "profiles_profile" VALUES(1,'','','Hello I am the admin of the website','','','images/avatar.png','2020-08-29 12:15:05.479247','2020-08-29 12:15:05.479247',1);
CREATE UNIQUE INDEX "auth_group_permissions_group_id_permission_id_0cd325b0_uniq" ON "auth_group_permissions" ("group_id", "permission_id");
CREATE INDEX IF NOT EXISTS "auth_group_permissions_group_id_b120cbf9" ON "auth_group_permissions" ("group_id");
CREATE INDEX IF NOT EXISTS "auth_group_permissions_permission_id_84c5c92e" ON "auth_group_permissions" ("permission_id");
CREATE UNIQUE INDEX "auth_user_groups_user_id_group_id_94350c0c_uniq" ON "auth_user_groups" ("user_id", "group_id");
CREATE INDEX IF NOT EXISTS "auth_user_groups_user_id_6a12ed8b" ON "auth_user_groups" ("user_id");
CREATE INDEX IF NOT EXISTS "auth_user_groups_group_id_97559544" ON "auth_user_groups" ("group_id");
CREATE UNIQUE INDEX "auth_user_user_permissions_user_id_permission_id_14a6b632_uniq" ON "auth_user_user_permissions" ("user_id", "permission_id");
CREATE INDEX IF NOT EXISTS "auth_user_user_permissions_user_id_a95ead1b" ON "auth_user_user_permissions" ("user_id");
CREATE INDEX IF NOT EXISTS "auth_user_user_permissions_permission_id_1fbb5f2c" ON "auth_user_user_permissions" ("permission_id");
CREATE INDEX IF NOT EXISTS "django_admin_log_content_type_id_c4bce8eb" ON "django_admin_log" ("content_type_id");
CREATE INDEX IF NOT EXISTS "django_admin_log_user_id_c564eba6" ON "django_admin_log" ("user_id");
CREATE UNIQUE INDEX "django_content_type_app_label_model_76bd3d3b_uniq" ON "django_content_type" ("app_label", "model");
CREATE UNIQUE INDEX "auth_permission_content_type_id_codename_01ab375a_uniq" ON "auth_permission" ("content_type_id", "codename");
CREATE INDEX IF NOT EXISTS "auth_permission_content_type_id_2f476e4b" ON "auth_permission" ("content_type_id");
CREATE INDEX IF NOT EXISTS "django_session_expire_date_a5c62663" ON "django_session" ("expire_date");
CREATE INDEX IF NOT EXISTS "blog_blogcomment_parent_id_df1e1d2a" ON "blog_blogcomment" ("parent_id");
CREATE INDEX IF NOT EXISTS "blog_blogcomment_post_id_f2a3e760" ON "blog_blogcomment" ("post_id");
CREATE INDEX IF NOT EXISTS "blog_blogcomment_user_id_dc3b3111" ON "blog_blogcomment" ("user_id");
CREATE UNIQUE INDEX "profiles_profile_friends_profile_id_user_id_b04f5799_uniq" ON "profiles_profile_friends" ("profile_id", "user_id");
CREATE INDEX IF NOT EXISTS "profiles_profile_friends_profile_id_1b1360a5" ON "profiles_profile_friends" ("profile_id");
CREATE INDEX IF NOT EXISTS "profiles_profile_friends_user_id_36beac75" ON "profiles_profile_friends" ("user_id");
CREATE TABLE IF NOT EXISTS "profiles_profile_friends" ("id" integer NOT NULL PRIMARY KEY AUTOINCREMENT, "profile_id" integer NOT NULL REFERENCES "profiles_profile" ("id") DEFERRABLE INITIALLY DEFERRED, "user_id" integer NOT NULL REFERENCES "auth_user" ("id") DEFERRABLE INITIALLY DEFERRED);
CREATE UNIQUE INDEX "auth_group_permissions_group_id_permission_id_0cd325b0_uniq" ON "auth_group_permissions" ("group_id", "permission_id");
CREATE INDEX IF NOT EXISTS "auth_group_permissions_group_id_b120cbf9" ON "auth_group_permissions" ("group_id");
CREATE INDEX IF NOT EXISTS "auth_group_permissions_permission_id_84c5c92e" ON "auth_group_permissions" ("permission_id");
CREATE UNIQUE INDEX "auth_user_groups_user_id_group_id_94350c0c_uniq" ON "auth_user_groups" ("user_id", "group_id");
CREATE INDEX IF NOT EXISTS "auth_user_groups_user_id_6a12ed8b" ON "auth_user_groups" ("user_id");
CREATE INDEX IF NOT EXISTS "auth_user_groups_group_id_97559544" ON "auth_user_groups" ("group_id");
CREATE UNIQUE INDEX "auth_user_user_permissions_user_id_permission_id_14a6b632_uniq" ON "auth_user_user_permissions" ("user_id", "permission_id");
CREATE INDEX IF NOT EXISTS "auth_user_user_permissions_user_id_a95ead1b" ON "auth_user_user_permissions" ("user_id");
CREATE INDEX IF NOT EXISTS "auth_user_user_permissions_permission_id_1fbb5f2c" ON "auth_user_user_permissions" ("permission_id");
CREATE INDEX IF NOT EXISTS "django_admin_log_content_type_id_c4bce8eb" ON "django_admin_log" ("content_type_id");
CREATE INDEX IF NOT EXISTS "django_admin_log_user_id_c564eba6" ON "django_admin_log" ("user_id");
CREATE UNIQUE INDEX "django_content_type_app_label_model_76bd3d3b_uniq" ON "django_content_type" ("app_label", "model");
CREATE UNIQUE INDEX "auth_permission_content_type_id_codename_01ab375a_uniq" ON "auth_permission" ("content_type_id", "codename");
CREATE INDEX IF NOT EXISTS "auth_permission_content_type_id_2f476e4b" ON "auth_permission" ("content_type_id");
CREATE INDEX IF NOT EXISTS "django_session_expire_date_a5c62663" ON "django_session" ("expire_date");
CREATE INDEX IF NOT EXISTS "blog_blogcomment_parent_id_df1e1d2a" ON "blog_blogcomment" ("parent_id");
CREATE INDEX IF NOT EXISTS "blog_blogcomment_post_id_f2a3e760" ON "blog_blogcomment" ("post_id");
CREATE INDEX IF NOT EXISTS "blog_blogcomment_user_id_dc3b3111" ON "blog_blogcomment" ("user_id");
CREATE UNIQUE INDEX "profiles_profile_friends_profile_id_user_id_b04f5799_uniq" ON "profiles_profile_friends" ("profile_id", "user_id");
CREATE INDEX IF NOT EXISTS "profiles_profile_friends_profile_id_1b1360a5" ON "profiles_profile_friends" ("profile_id");
CREATE INDEX IF NOT EXISTS "profiles_profile_friends_user_id_36beac75" ON "profiles_profile_friends" ("user_id");
